"","Name","R.Time","Area","Height","Conc.","Curve","X1st","Constant","Sample_ID","SN"
"1","CH4",3.131,41082,3467,11.20084,"Default",0.0004181727,-5.978499,"NC R1$ CC_SF, PL_INC (Day 2)",1
"2","CO2",6.646,73496898,6440974,15109.45158,"Default",0.0002061328,-40.67114,"NC R1$ CC_SF, PL_INC (Day 2)",1
"3","N2O",7.131,28938,1766,1.70631,"Default",5.896508e-05,0,"NC R1$ CC_SF, PL_INC (Day 2)",1
"4","CH4",3.243,32357,3249,7.5524,"Default",0.0004181727,-5.978499,"NC R2$ CC_SF, PL_INC (Day 2)",2
"5","CO2",6.684,92721185,6097210,19072.20798,"Default",0.0002061328,-40.67114,"NC R2$ CC_SF, PL_INC (Day 2)",2
"6","N2O",7.248,41486,2619,2.44623,"Default",5.896508e-05,0,"NC R2$ CC_SF, PL_INC (Day 2)",2
"7","CH4",3.245,32770,3236,7.72521,"Default",0.0004181727,-5.978499,"NC R3$ CC_SF, PL_INC (Day 2)",3
"8","CO2",6.683,102120751,6675889,21009.76704,"Default",0.0002061328,-40.67114,"NC R3$ CC_SF, PL_INC (Day 2)",3
"9","N2O",7.291,26976,1844,1.59063,"Default",5.896508e-05,0,"NC R3$ CC_SF, PL_INC (Day 2)",3
"10","CH4",3.242,38507,3694,10.12406,"Default",0.0004181727,-5.978499,"NC R1$ CC_INC, PL_SF (Day 2)",4
"11","CO2",6.647,297558961,20120780,61295.9957,"Default",0.0002061328,-40.67114,"NC R1$ CC_INC, PL_SF (Day 2)",4
"12","N2O",7.236,34705,2272,2.04641,"Default",5.896508e-05,0,"NC R1$ CC_INC, PL_SF (Day 2)",4
"13","CH4",3.243,38209,3856,9.99934,"Default",0.0004181727,-5.978499,"NC R2$ CC_INC, PL_SF (Day 2)",5
"14","CO2",6.649,305491468,20457949,62931.14584,"Default",0.0002061328,-40.67114,"NC R2$ CC_INC, PL_SF (Day 2)",5
"15","N2O",7.266,34213,1945,2.01739,"Default",5.896508e-05,0,"NC R2$ CC_INC, PL_SF (Day 2)",5
"16","CH4",3.243,39694,4121,10.62026,"Default",0.0004181727,-5.978499,"NC R3$ CC_INC, PL_SF (Day 2)",6
"17","CO2",6.649,306705388,20549693,63181.37457,"Default",0.0002061328,-40.67114,"NC R3$ CC_INC, PL_SF (Day 2)",6
"18","N2O",7.224,22654,2914,1.33582,"Default",5.896508e-05,0,"NC R3$ CC_INC, PL_SF (Day 2)",6
"19","CH4",3.238,41775,4081,11.49065,"Default",0.0004181727,-5.978499,"NC R1$ CC_SF, PL_SF (Day 2)",7
"20","CO2",6.652,283324828,19049296,58361.87378,"Default",0.0002061328,-40.67114,"NC R1$ CC_SF, PL_SF (Day 2)",7
"21","N2O",7.254,426998,26797,25.17798,"Default",5.896508e-05,0,"NC R1$ CC_SF, PL_SF (Day 2)",7
"22","CH4",3.247,42403,4026,11.75336,"Default",0.0004181727,-5.978499,"NC R2$ CC_SF, PL_SF (Day 2)",8
"23","CO2",6.656,272363526,18151687,56102.38978,"Default",0.0002061328,-40.67114,"NC R2$ CC_SF, PL_SF (Day 2)",8
"24","N2O",7.262,827693,52380,48.80497,"Default",5.896508e-05,0,"NC R2$ CC_SF, PL_SF (Day 2)",8
"25","CH4",3.24,41570,3967,11.40509,"Default",0.0004181727,-5.978499,"NC R3$ CC_SF, PL_SF (Day 2)",9
"26","CO2",6.662,217730218,14580296,44840.67205,"Default",0.0002061328,-40.67114,"NC R3$ CC_SF, PL_SF (Day 2)",9
"27","N2O",7.262,707721,45427,41.73082,"Default",5.896508e-05,0,"NC R3$ CC_SF, PL_SF (Day 2)",9
"28","CH4",3.242,42214,4094,11.67431,"Default",0.0004181727,-5.978499,"NC R1$ CC_INC, PL_INC (Day 2)",10
"29","CO2",6.654,272747535,18334230,56181.54661,"Default",0.0002061328,-40.67114,"NC R1$ CC_INC, PL_INC (Day 2)",10
"30","N2O",7.273,39411,3634,2.32386,"Default",5.896508e-05,0,"NC R1$ CC_INC, PL_INC (Day 2)",10
"31","CH4",3.245,38863,3858,10.27284,"Default",0.0004181727,-5.978499,"NC R2$ CC_INC, PL_INC (Day 2)",11
"32","CO2",6.657,260589908,17439368,53675.46064,"Default",0.0002061328,-40.67114,"NC R2$ CC_INC, PL_INC (Day 2)",11
"33","N2O",7.277,20606,1399,1.21506,"Default",5.896508e-05,0,"NC R2$ CC_INC, PL_INC (Day 2)",11
"34","CH4",3.243,37057,3944,9.51784,"Default",0.0004181727,-5.978499,"NC R3$ CC_INC, PL_INC (Day 2)",12
"35","CO2",6.655,271123119,18143780,55846.70121,"Default",0.0002061328,-40.67114,"NC R3$ CC_INC, PL_INC (Day 2)",12
"36","N2O",7.241,21841,1446,1.28787,"Default",5.896508e-05,0,"NC R3$ CC_INC, PL_INC (Day 2)",12
"37","CH4",3.24,39559,3723,10.5641,"Default",0.0004181727,-5.978499,"NC R1$ Control (Day 2)",13
"38","CO2",6.716,12113391,777729,2456.29632,"Default",0.0002061328,-40.67114,"NC R1$ Control (Day 2)",13
"39","N2O",7.283,40572,2502,2.39232,"Default",5.896508e-05,0,"NC R1$ Control (Day 2)",13
"40","CH4",3.245,39664,3888,10.60778,"Default",0.0004181727,-5.978499,"NC R2$ Control (Day 2)",14
"41","CO2",6.715,8314331,531719,1673.18538,"Default",0.0002061328,-40.67114,"NC R2$ Control (Day 2)",14
"42","N2O",7.277,31693,2311,1.86876,"Default",5.896508e-05,0,"NC R2$ Control (Day 2)",14
"43","CH4",3.247,40445,4100,10.93469,"Default",0.0004181727,-5.978499,"NC R3$ Control (Day 2)",15
"44","CO2",6.712,12653817,776069,2567.69575,"Default",0.0002061328,-40.67114,"NC R3$ Control (Day 2)",15
"45","N2O",7.282,30826,2197,1.81765,"Default",5.896508e-05,0,"NC R3$ Control (Day 2)",15
"46","CH4",3.248,45396,4398,13.00478,"Default",0.0004181727,-5.978499,"GA R1$ CC_INC, PL_SF (Day 2)",16
"47","CO2",6.653,288325438,19419487,59392.66362,"Default",0.0002061328,-40.67114,"GA R1$ CC_INC, PL_SF (Day 2)",16
"48","N2O",7.261,26756,1790,1.57768,"Default",5.896508e-05,0,"GA R1$ CC_INC, PL_SF (Day 2)",16
"49","CH4",3.244,45066,4481,12.86686,"Default",0.0004181727,-5.978499,"GA R2$ CC_INC, PL_SF (Day 2)",17
"50","CO2",6.657,255016949,17147216,52526.69093,"Default",0.0002061328,-40.67114,"GA R2$ CC_INC, PL_SF (Day 2)",17
"51","N2O",7.245,33511,2087,1.97595,"Default",5.896508e-05,0,"GA R2$ CC_INC, PL_SF (Day 2)",17
"52","CH4",3.242,45569,4606,13.07713,"Default",0.0004181727,-5.978499,"GA R3$ CC_INC, PL_SF (Day 2)",18
"53","CO2",6.654,281707944,18905226,58028.58104,"Default",0.0002061328,-40.67114,"GA R3$ CC_INC, PL_SF (Day 2)",18
"54","N2O",7.246,27562,1798,1.6252,"Default",5.896508e-05,0,"GA R3$ CC_INC, PL_SF (Day 2)",18
"55","CH4",3.246,46684,4824,13.54337,"Default",0.0004181727,-5.978499,"GA R1$ CC_SF, PL_INC (Day 2)",19
"56","CO2",6.656,262909209,17672376,54153.54471,"Default",0.0002061328,-40.67114,"GA R1$ CC_SF, PL_INC (Day 2)",19
"57","N2O",7.269,74716,4648,4.40565,"Default",5.896508e-05,0,"GA R1$ CC_SF, PL_INC (Day 2)",19
"58","CH4",3.242,49854,4793,14.86889,"Default",0.0004181727,-5.978499,"GA R2$ CC_SF, PL_INC (Day 2)",20
"59","CO2",6.651,304586217,20394901,62744.54387,"Default",0.0002061328,-40.67114,"GA R2$ CC_SF, PL_INC (Day 2)",20
"60","N2O",7.249,570793,35698,33.65686,"Default",5.896508e-05,0,"GA R2$ CC_SF, PL_INC (Day 2)",20
"61","CH4",3.245,50027,4963,14.94131,"Default",0.0004181727,-5.978499,"GA R3$ CC_SF, PL_INC (Day 2)",21
"62","CO2",6.659,252767281,16937556,52062.96047,"Default",0.0002061328,-40.67114,"GA R3$ CC_SF, PL_INC (Day 2)",21
"63","N2O",7.254,110070,6965,6.49031,"Default",5.896508e-05,0,"GA R3$ CC_SF, PL_INC (Day 2)",21
"64","CH4",3.244,49445,5104,14.69818,"Default",0.0004181727,-5.978499,"GA R1$ CC_SF, PL_SF (Day 2)",22
"65","CO2",6.664,220179825,14635615,45345.61636,"Default",0.0002061328,-40.67114,"GA R1$ CC_SF, PL_SF (Day 2)",22
"66","N2O",7.261,89962,5647,5.30463,"Default",5.896508e-05,0,"GA R1$ CC_SF, PL_SF (Day 2)",22
"67","CH4",3.245,50204,5089,15.01563,"Default",0.0004181727,-5.978499,"GA R2$ CC_SF, PL_SF (Day 2)",23
"68","CO2",6.652,303736641,20222851,62569.41836,"Default",0.0002061328,-40.67114,"GA R2$ CC_SF, PL_SF (Day 2)",23
"69","N2O",7.254,137074,8568,8.08258,"Default",5.896508e-05,0,"GA R2$ CC_SF, PL_SF (Day 2)",23
"70","CH4",3.249,52126,5063,15.81901,"Default",0.0004181727,-5.978499,"GA R3$ CC_SF, PL_SF (Day 2)",24
"71","CO2",6.66,244051172,16316841,50266.28455,"Default",0.0002061328,-40.67114,"GA R3$ CC_SF, PL_SF (Day 2)",24
"72","N2O",7.263,115521,7490,6.81173,"Default",5.896508e-05,0,"GA R3$ CC_SF, PL_SF (Day 2)",24
"73","CH4",3.247,54794,5094,16.93493,"Default",0.0004181727,-5.978499,"GA R1$ CC_INC, PL_INC (Day 2)",25
"74","CO2",6.65,323779999,21556901,66701.01211,"Default",0.0002061328,-40.67114,"GA R1$ CC_INC, PL_INC (Day 2)",25
"75","N2O",7.235,30829,2033,1.81782,"Default",5.896508e-05,0,"GA R1$ CC_INC, PL_INC (Day 2)",25
"76","CH4",3.245,56280,5037,17.55608,"Default",0.0004181727,-5.978499,"GA R2$ CC_INC, PL_INC (Day 2)",26
"77","CO2",6.656,272020842,18156354,56031.75136,"Default",0.0002061328,-40.67114,"GA R2$ CC_INC, PL_INC (Day 2)",26
"78","N2O",7.258,31621,1851,1.86456,"Default",5.896508e-05,0,"GA R2$ CC_INC, PL_INC (Day 2)",26
"79","CH4",3.246,52009,4797,15.77016,"Default",0.0004181727,-5.978499,"GA R3$ CC_INC, PL_INC (Day 2)",27
"80","CO2",6.713,28508026,1723716,5835.76863,"Default",0.0002061328,-40.67114,"GA R3$ CC_INC, PL_INC (Day 2)",27
"81","N2O",7.288,33412,2302,1.97014,"Default",5.896508e-05,0,"GA R3$ CC_INC, PL_INC (Day 2)",27
"82","CH4",3.242,45142,4517,12.89885,"Default",0.0004181727,-5.978499,"GA R1$ Control (Day 2)",28
"83","CO2",6.717,9639358,614125,1946.31697,"Default",0.0002061328,-40.67114,"GA R1$ Control (Day 2)",28
"84","N2O",7.284,36098,2567,2.12851,"Default",5.896508e-05,0,"GA R1$ Control (Day 2)",28
"85","CH4",3.245,44451,4325,12.60954,"Default",0.0004181727,-5.978499,"GA R2$ Control (Day 2)",29
"86","CO2",6.717,9589422,574922,1936.02341,"Default",0.0002061328,-40.67114,"GA R2$ Control (Day 2)",29
"87","N2O",7.274,28861,1982,1.70181,"Default",5.896508e-05,0,"GA R2$ Control (Day 2)",29
"88","CH4",3.244,51050,4403,15.36902,"Default",0.0004181727,-5.978499,"GA R3$ Control (Day 2)",30
"89","CO2",6.714,11190791,683956,2266.11817,"Default",0.0002061328,-40.67114,"GA R3$ Control (Day 2)",30
"90","N2O",7.295,29604,2034,1.74561,"Default",5.896508e-05,0,"GA R3$ Control (Day 2)",30
"91","CH4",3.241,45813,4453,13.17937,"Default",0.0004181727,-5.978499,"Blank Air 1",31
"92","CO2",6.714,6992573,427223,1400.72767,"Default",0.0002061328,-40.67114,"Blank Air 1",31
"93","N2O",7.281,27238,2015,1.6061,"Default",5.896508e-05,0,"Blank Air 1",31
"94","CH4",3.244,43051,4396,12.02418,"Default",0.0004181727,-5.978499,"Blank Air 2",32
"95","CO2",6.717,7486289,458608,1502.49874,"Default",0.0002061328,-40.67114,"Blank Air 2",32
"96","N2O",7.294,32004,2044,1.8871,"Default",5.896508e-05,0,"Blank Air 2",32
"97","CH4",3.246,39767,3955,10.65077,"Default",0.0004181727,-5.978499,"Blank water 1",33
"98","CO2",6.715,7464161,457388,1497.9374,"Default",0.0002061328,-40.67114,"Blank water 1",33
"99","N2O",7.279,28657,2018,1.68978,"Default",5.896508e-05,0,"Blank water 1",33
"100","CH4",3.243,40952,4145,11.14641,"Default",0.0004181727,-5.978499,"Blank water 2",34
"101","CO2",6.715,7736630,476250,1554.10223,"Default",0.0002061328,-40.67114,"Blank water 2",34
"102","N2O",7.298,27464,1955,1.61942,"Default",5.896508e-05,0,"Blank water 2",34
"103","CH4",3.239,41299,4297,11.29177,"Default",0.0004181727,-5.978499,"Blank water 3",35
"104","CO2",6.716,9091828,563019,1833.45289,"Default",0.0002061328,-40.67114,"Blank water 3",35
"105","N2O",7.302,27767,1977,1.63728,"Default",5.896508e-05,0,"Blank water 3",35
"106","CH4",3.243,45112,4481,12.88596,"Default",0.0004181727,-5.978499,"NC R1$ CC_SF, PL_INC (Day 5)",36
"107","CO2",6.652,299460398,19958607,61687.94427,"Default",0.0002061328,-40.67114,"NC R1$ CC_SF, PL_INC (Day 5)",36
"108","N2O",7.256,25209,1856,1.48644,"Default",5.896508e-05,0,"NC R1$ CC_SF, PL_INC (Day 5)",36
"109","CH4",3.242,45423,4570,13.01614,"Default",0.0004181727,-5.978499,"NC R2$ CC_SF, PL_INC (Day 5)",37
"110","CO2",6.652,299903013,20001944,61779.18178,"Default",0.0002061328,-40.67114,"NC R2$ CC_SF, PL_INC (Day 5)",37
"111","N2O",7.237,23796,3055,1.40314,"Default",5.896508e-05,0,"NC R2$ CC_SF, PL_INC (Day 5)",37
"112","CH4",3.247,47305,4755,13.80317,"Default",0.0004181727,-5.978499,"NC R3$ CC_SF, PL_INC (Day 5)",38
"113","CO2",6.666,221751059,14654764,45669.49943,"Default",0.0002061328,-40.67114,"NC R3$ CC_SF, PL_INC (Day 5)",38
"114","N2O",7.258,21961,1541,1.29495,"Default",5.896508e-05,0,"NC R3$ CC_SF, PL_INC (Day 5)",38
"115","CH4",3.244,46280,4826,13.3746,"Default",0.0004181727,-5.978499,"NC R1$ CC_INC, PL_SF (Day 5)",39
"116","CO2",6.652,300446567,20074286,61891.22607,"Default",0.0002061328,-40.67114,"NC R1$ CC_INC, PL_SF (Day 5)",39
"117","N2O",7.232,20824,2839,1.22788,"Default",5.896508e-05,0,"NC R1$ CC_INC, PL_SF (Day 5)",39
"118","CH4",3.244,49239,4960,14.61196,"Default",0.0004181727,-5.978499,"NC R2$ CC_INC, PL_SF (Day 5)",40
"119","CO2",6.655,285035127,19064608,58714.42263,"Default",0.0002061328,-40.67114,"NC R2$ CC_INC, PL_SF (Day 5)",40
"120","N2O",7.249,19724,1377,1.16304,"Default",5.896508e-05,0,"NC R2$ CC_INC, PL_SF (Day 5)",40
"121","CH4",3.24,49581,4924,14.7549,"Default",0.0004181727,-5.978499,"NC R3$ CC_INC, PL_SF (Day 5)",41
"122","CO2",6.652,310911710,20677965,64048.43555,"Default",0.0002061328,-40.67114,"NC R3$ CC_INC, PL_SF (Day 5)",41
"123","N2O",7.242,19331,1331,1.13987,"Default",5.896508e-05,0,"NC R3$ CC_INC, PL_SF (Day 5)",41
"124","CH4",3.245,45010,4357,12.84326,"Default",0.0004181727,-5.978499,"NC R1$ CC_SF, PL_SF (Day 5)",42
"125","CO2",6.657,273529374,18231021,56342.70919,"Default",0.0002061328,-40.67114,"NC R1$ CC_SF, PL_SF (Day 5)",42
"126","N2O",7.262,23473,1630,1.38408,"Default",5.896508e-05,0,"NC R1$ CC_SF, PL_SF (Day 5)",42
"127","CH4",3.247,53228,4367,16.28014,"Default",0.0004181727,-5.978499,"NC R2$ CC_SF, PL_SF (Day 5)",43
"128","CO2",6.65,334860804,22052505,68985.1297,"Default",0.0002061328,-40.67114,"NC R2$ CC_SF, PL_SF (Day 5)",43
"129","N2O",7.236,19455,1252,1.14719,"Default",5.896508e-05,0,"NC R2$ CC_SF, PL_SF (Day 5)",43
"130","CH4",3.25,43830,4357,12.35008,"Default",0.0004181727,-5.978499,"NC R3$ CC_SF, PL_SF (Day 5)",44
"131","CO2",6.659,265652416,17584840,54719.00981,"Default",0.0002061328,-40.67114,"NC R3$ CC_SF, PL_SF (Day 5)",44
"132","N2O",7.268,25059,1693,1.47758,"Default",5.896508e-05,0,"NC R3$ CC_SF, PL_SF (Day 5)",44
"133","CH4",3.249,58852,4899,18.63178,"Default",0.0004181727,-5.978499,"NC R1$ CC_INC, PL_INC (Day 5)",45
"134","CO2",6.667,215584253,14192537,44398.3182,"Default",0.0002061328,-40.67114,"NC R1$ CC_INC, PL_INC (Day 5)",45
"135","N2O",7.25,30375,1962,1.79107,"Default",5.896508e-05,0,"NC R1$ CC_INC, PL_INC (Day 5)",45
"136","CH4",3.249,49154,4746,14.57652,"Default",0.0004181727,-5.978499,"NC R2$ CC_INC, PL_INC (Day 5)",46
"137","CO2",6.657,268071318,17843577,55217.62492,"Default",0.0002061328,-40.67114,"NC R2$ CC_INC, PL_INC (Day 5)",46
"138","N2O",7.258,25633,1733,1.51144,"Default",5.896508e-05,0,"NC R2$ CC_INC, PL_INC (Day 5)",46
"139","CH4",3.249,49012,4717,14.51702,"Default",0.0004181727,-5.978499,"NC R3$ CC_INC, PL_INC (Day 5)",47
"140","CO2",6.654,298631029,19731545,61516.98417,"Default",0.0002061328,-40.67114,"NC R3$ CC_INC, PL_INC (Day 5)",47
"141","N2O",7.267,20899,1716,1.23234,"Default",5.896508e-05,0,"NC R3$ CC_INC, PL_INC (Day 5)",47
"142","CH4",3.253,42398,4098,11.75135,"Default",0.0004181727,-5.978499,"NC R1$ Control (Day 5)",48
"143","CO2",6.719,11803552,746008,2392.42821,"Default",0.0002061328,-40.67114,"NC R1$ Control (Day 5)",48
"144","N2O",7.286,28924,2110,1.70548,"Default",5.896508e-05,0,"NC R1$ Control (Day 5)",48
"145","CH4",3.256,41017,3873,11.17364,"Default",0.0004181727,-5.978499,"NC R2$ Control (Day 5)",49
"146","CO2",6.717,15245188,918919,3101.86248,"Default",0.0002061328,-40.67114,"NC R2$ Control (Day 5)",49
"147","N2O",7.278,49228,3143,2.90273,"Default",5.896508e-05,0,"NC R2$ Control (Day 5)",49
"148","CH4",3.253,43958,4307,12.40371,"Default",0.0004181727,-5.978499,"NC R3$ Control (Day 5)",50
"149","CO2",6.714,18662532,1144233,3806.28908,"Default",0.0002061328,-40.67114,"NC R3$ Control (Day 5)",50
"150","N2O",7.271,30019,4064,1.77007,"Default",5.896508e-05,0,"NC R3$ Control (Day 5)",50
"151","CH4",3.249,46984,4782,13.66888,"Default",0.0004181727,-5.978499,"GA R1$ CC_INC, PL_SF (Day 5)",51
"152","CO2",6.65,315060031,21028319,64903.54062,"Default",0.0002061328,-40.67114,"GA R1$ CC_INC, PL_SF (Day 5)",51
"153","N2O",7.25,22004,1495,1.29746,"Default",5.896508e-05,0,"GA R1$ CC_INC, PL_SF (Day 5)",51
"154","CH4",3.249,45532,4519,13.0618,"Default",0.0004181727,-5.978499,"GA R2$ CC_INC, PL_SF (Day 5)",52
"155","CO2",6.653,308520630,20489414,63555.55538,"Default",0.0002061328,-40.67114,"GA R2$ CC_INC, PL_SF (Day 5)",52
"156","N2O",7.243,24735,1485,1.45851,"Default",5.896508e-05,0,"GA R2$ CC_INC, PL_SF (Day 5)",52
"157","CH4",3.246,44325,4439,12.55711,"Default",0.0004181727,-5.978499,"GA R3$ CC_INC, PL_SF (Day 5)",53
"158","CO2",6.654,299204889,19813096,61635.27541,"Default",0.0002061328,-40.67114,"GA R3$ CC_INC, PL_SF (Day 5)",53
"159","N2O",7.23,20865,1386,1.23028,"Default",5.896508e-05,0,"GA R3$ CC_INC, PL_SF (Day 5)",53
"160","CH4",3.251,53190,4597,16.26399,"Default",0.0004181727,-5.978499,"GA R1$ CC_SF, PL_INC (Day 5)",54
"161","CO2",6.651,325824806,21496682,67122.51399,"Default",0.0002061328,-40.67114,"GA R1$ CC_SF, PL_INC (Day 5)",54
"162","N2O",7.276,21401,2815,1.26194,"Default",5.896508e-05,0,"GA R1$ CC_SF, PL_INC (Day 5)",54
"163","CH4",3.249,47636,4764,13.94174,"Default",0.0004181727,-5.978499,"GA R2$ CC_SF, PL_INC (Day 5)",55
"164","CO2",6.65,341011877,22380634,70253.06774,"Default",0.0002061328,-40.67114,"GA R2$ CC_SF, PL_INC (Day 5)",55
"165","N2O",7.24,21147,1399,1.24694,"Default",5.896508e-05,0,"GA R2$ CC_SF, PL_INC (Day 5)",55
"166","CH4",3.249,50041,5064,14.94723,"Default",0.0004181727,-5.978499,"GA R3$ CC_SF, PL_INC (Day 5)",56
"167","CO2",6.651,330132400,21698522,68010.4505,"Default",0.0002061328,-40.67114,"GA R3$ CC_SF, PL_INC (Day 5)",56
"168","N2O",7.251,23089,1542,1.36145,"Default",5.896508e-05,0,"GA R3$ CC_SF, PL_INC (Day 5)",56
"169","CH4",3.245,50037,4747,14.94563,"Default",0.0004181727,-5.978499,"GA R1$ CC_SF, PL_SF (Day 5)",57
"170","CO2",6.656,238417748,15828294,49105.05087,"Default",0.0002061328,-40.67114,"GA R1$ CC_SF, PL_SF (Day 5)",57
"171","N2O",7.26,26177,1817,1.54352,"Default",5.896508e-05,0,"GA R1$ CC_SF, PL_SF (Day 5)",57
"172","CH4",3.25,49795,4765,14.84428,"Default",0.0004181727,-5.978499,"GA R2$ CC_SF, PL_SF (Day 5)",58
"173","CO2",6.647,321484372,21333930,66227.80821,"Default",0.0002061328,-40.67114,"GA R2$ CC_SF, PL_SF (Day 5)",58
"174","N2O",7.24,27095,3384,1.59766,"Default",5.896508e-05,0,"GA R2$ CC_SF, PL_SF (Day 5)",58
"175","CH4",3.248,53054,4889,16.20705,"Default",0.0004181727,-5.978499,"GA R3$ CC_SF, PL_SF (Day 5)",59
"176","CO2",6.645,328140980,21683902,67599.95342,"Default",0.0002061328,-40.67114,"GA R3$ CC_SF, PL_SF (Day 5)",59
"177","N2O",7.238,23047,1436,1.35895,"Default",5.896508e-05,0,"GA R3$ CC_SF, PL_SF (Day 5)",59
"178","CH4",3.248,50879,5149,15.29773,"Default",0.0004181727,-5.978499,"GA R1$ CC_INC, PL_INC (Day 5)",60
"179","CO2",6.649,300435513,19903425,61888.9475,"Default",0.0002061328,-40.67114,"GA R1$ CC_INC, PL_INC (Day 5)",60
"180","N2O",7.237,21977,1483,1.29587,"Default",5.896508e-05,0,"GA R1$ CC_INC, PL_INC (Day 5)",60
"181","CH4",3.247,55890,5362,17.39305,"Default",0.0004181727,-5.978499,"GA R2$ CC_INC, PL_INC (Day 5)",61
"182","CO2",6.646,324422187,21483903,66833.38824,"Default",0.0002061328,-40.67114,"GA R2$ CC_INC, PL_INC (Day 5)",61
"183","N2O",7.237,24686,1597,1.45559,"Default",5.896508e-05,0,"GA R2$ CC_INC, PL_INC (Day 5)",61
"184","CH4",3.256,51930,4855,15.73741,"Default",0.0004181727,-5.978499,"GA R3$ CC_INC, PL_INC (Day 5)",62
"185","CO2",6.647,324015097,21329089,66749.47348,"Default",0.0002061328,-40.67114,"GA R3$ CC_INC, PL_INC (Day 5)",62
"186","N2O",7.248,25964,1650,1.53094,"Default",5.896508e-05,0,"GA R3$ CC_INC, PL_INC (Day 5)",62
"187","CH4",3.26,46779,4477,13.58318,"Default",0.0004181727,-5.978499,"GA R1$ Control (Day 5)",63
"188","CO2",6.716,8948439,566006,1803.89572,"Default",0.0002061328,-40.67114,"GA R1$ Control (Day 5)",63
"189","N2O",7.272,29331,2022,1.72951,"Default",5.896508e-05,0,"GA R1$ Control (Day 5)",63
"190","CH4",3.254,51656,4517,15.62281,"Default",0.0004181727,-5.978499,"GA R2$ Control (Day 5)",64
"191","CO2",6.714,11173025,705902,2262.456,"Default",0.0002061328,-40.67114,"GA R2$ Control (Day 5)",64
"192","N2O",7.294,26687,1946,1.57358,"Default",5.896508e-05,0,"GA R2$ Control (Day 5)",64
"193","CH4",3.25,44442,4338,12.60596,"Default",0.0004181727,-5.978499,"GA R3$ Control (Day 5)",65
"194","CO2",6.714,11251831,670054,2278.70054,"Default",0.0002061328,-40.67114,"GA R3$ Control (Day 5)",65
"195","N2O",7.283,27466,2019,1.61956,"Default",5.896508e-05,0,"GA R3$ Control (Day 5)",65
"196","CH4",3.252,50784,4806,15.25801,"Default",0.0004181727,-5.978499,"Blank Air 1",66
"197","CO2",6.712,6068160,387372,1210.1758,"Default",0.0002061328,-40.67114,"Blank Air 1",66
"198","N2O",7.279,25771,1839,1.5196,"Default",5.896508e-05,0,"Blank Air 1",66
"199","CH4",3.254,49723,4810,14.81424,"Default",0.0004181727,-5.978499,"Blank Air 2",67
"200","CO2",6.715,6578149,393844,1315.30127,"Default",0.0002061328,-40.67114,"Blank Air 2",67
"201","N2O",7.275,32126,2055,1.89434,"Default",5.896508e-05,0,"Blank Air 2",67
"202","CH4",3.252,44581,4437,12.66406,"Default",0.0004181727,-5.978499,"Blank water 1",68
"203","CO2",6.714,6633504,401193,1326.71172,"Default",0.0002061328,-40.67114,"Blank water 1",68
"204","N2O",7.278,24914,1810,1.46907,"Default",5.896508e-05,0,"Blank water 1",68
"205","CH4",3.254,46227,4269,13.35234,"Default",0.0004181727,-5.978499,"Blank water 2",69
"206","CO2",6.713,8195217,499239,1648.63204,"Default",0.0002061328,-40.67114,"Blank water 2",69
"207","N2O",7.291,25913,1933,1.52796,"Default",5.896508e-05,0,"Blank water 2",69
"208","CH4",3.251,49848,4477,14.86671,"Default",0.0004181727,-5.978499,"Blank water 3",70
"209","CO2",6.714,7911358,479706,1590.11945,"Default",0.0002061328,-40.67114,"Blank water 3",70
"210","N2O",7.285,28296,1925,1.66849,"Default",5.896508e-05,0,"Blank water 3",70
"211","CH4",3.25,52982,4542,16.17723,"Default",0.0004181727,-5.978499,"NC R1$ CC_SF, PL_INC (Day 7)",71
"212","CO2",6.664,196637235,13000838,40492.71615,"Default",0.0002061328,-40.67114,"NC R1$ CC_SF, PL_INC (Day 7)",71
"213","N2O",7.25,26121,1751,1.54022,"Default",5.896508e-05,0,"NC R1$ CC_SF, PL_INC (Day 7)",71
"214","CH4",3.246,45328,4445,12.97657,"Default",0.0004181727,-5.978499,"NC R2$ CC_SF, PL_INC (Day 7)",72
"215","CO2",6.685,112676965,7237355,23185.74902,"Default",0.0002061328,-40.67114,"NC R2$ CC_SF, PL_INC (Day 7)",72
"216","N2O",7.282,30783,2213,1.8151,"Default",5.896508e-05,0,"NC R2$ CC_SF, PL_INC (Day 7)",72
"217","CH4",3.245,44893,4441,12.79442,"Default",0.0004181727,-5.978499,"NC R3$ CC_SF, PL_INC (Day 7)",73
"218","CO2",6.696,75619990,4776267,15547.09042,"Default",0.0002061328,-40.67114,"NC R3$ CC_SF, PL_INC (Day 7)",73
"219","N2O",7.273,25084,1853,1.47909,"Default",5.896508e-05,0,"NC R3$ CC_SF, PL_INC (Day 7)",73
"220","CH4",3.245,49700,4793,14.8047,"Default",0.0004181727,-5.978499,"NC R1$ CC_INC, PL_SF (Day 7)",74
"221","CO2",6.65,287113037,19166292,59142.74791,"Default",0.0002061328,-40.67114,"NC R1$ CC_INC, PL_SF (Day 7)",74
"222","N2O",7.247,24005,1528,1.41546,"Default",5.896508e-05,0,"NC R1$ CC_INC, PL_SF (Day 7)",74
"223","CH4",3.247,51754,4775,15.66346,"Default",0.0004181727,-5.978499,"NC R2$ CC_INC, PL_SF (Day 7)",75
"224","CO2",6.673,154876304,10077865,31884.41763,"Default",0.0002061328,-40.67114,"NC R2$ CC_INC, PL_SF (Day 7)",75
"225","N2O",7.278,25590,1798,1.50892,"Default",5.896508e-05,0,"NC R2$ CC_INC, PL_SF (Day 7)",75
"226","CH4",3.246,46402,4603,13.42572,"Default",0.0004181727,-5.978499,"NC R3$ CC_INC, PL_SF (Day 7)",76
"227","CO2",6.654,253453549,16959704,52204.4229,"Default",0.0002061328,-40.67114,"NC R3$ CC_INC, PL_SF (Day 7)",76
"228","N2O",7.247,20586,1380,1.21387,"Default",5.896508e-05,0,"NC R3$ CC_INC, PL_SF (Day 7)",76
"229","CH4",3.245,48361,4891,14.24493,"Default",0.0004181727,-5.978499,"NC R1$ CC_SF, PL_SF (Day 7)",77
"230","CO2",6.65,283860950,18936391,58472.38608,"Default",0.0002061328,-40.67114,"NC R1$ CC_SF, PL_SF (Day 7)",77
"231","N2O",7.26,27694,1820,1.63297,"Default",5.896508e-05,0,"NC R1$ CC_SF, PL_SF (Day 7)",77
"232","CH4",3.245,47613,4491,13.93214,"Default",0.0004181727,-5.978499,"NC R2$ CC_SF, PL_SF (Day 7)",78
"233","CO2",6.672,162597672,10616450,33476.04494,"Default",0.0002061328,-40.67114,"NC R2$ CC_SF, PL_SF (Day 7)",78
"234","N2O",7.279,25794,1801,1.52093,"Default",5.896508e-05,0,"NC R2$ CC_SF, PL_SF (Day 7)",78
"235","CH4",3.244,40271,4058,10.86163,"Default",0.0004181727,-5.978499,"NC R3$ CC_SF, PL_SF (Day 7)",79
"236","CO2",6.655,254328709,16914590,52384.82206,"Default",0.0002061328,-40.67114,"NC R3$ CC_SF, PL_SF (Day 7)",79
"237","N2O",7.265,31352,1927,1.84868,"Default",5.896508e-05,0,"NC R3$ CC_SF, PL_SF (Day 7)",79
"238","CH4",3.248,47226,4369,13.77031,"Default",0.0004181727,-5.978499,"NC R1$ CC_INC, PL_INC (Day 7)",80
"239","CO2",6.683,122196925,7844257,25148.12534,"Default",0.0002061328,-40.67114,"NC R1$ CC_INC, PL_INC (Day 7)",80
"240","N2O",7.257,24640,1749,1.4529,"Default",5.896508e-05,0,"NC R1$ CC_INC, PL_INC (Day 7)",80
"241","CH4",3.246,45868,4564,13.20238,"Default",0.0004181727,-5.978499,"NC R2$ CC_INC, PL_INC (Day 7)",81
"242","CO2",6.655,249203784,16579509,51328.40698,"Default",0.0002061328,-40.67114,"NC R2$ CC_INC, PL_INC (Day 7)",81
"243","N2O",7.277,22734,1533,1.34052,"Default",5.896508e-05,0,"NC R2$ CC_INC, PL_INC (Day 7)",81
"244","CH4",3.248,47057,4595,13.69948,"Default",0.0004181727,-5.978499,"NC R3$ CC_INC, PL_INC (Day 7)",82
"245","CO2",6.665,200725617,13167456,41335.4657,"Default",0.0002061328,-40.67114,"NC R3$ CC_INC, PL_INC (Day 7)",82
"246","N2O",7.267,25567,1699,1.50756,"Default",5.896508e-05,0,"NC R3$ CC_INC, PL_INC (Day 7)",82
"247","CH4",3.248,43822,4370,12.34656,"Default",0.0004181727,-5.978499,"NC R1$ Control (Day 7)",83
"248","CO2",6.71,8522623,540094,1716.12108,"Default",0.0002061328,-40.67114,"NC R1$ Control (Day 7)",83
"249","N2O",7.291,27508,1898,1.62203,"Default",5.896508e-05,0,"NC R1$ Control (Day 7)",83
"250","CH4",3.25,45028,4462,12.8508,"Default",0.0004181727,-5.978499,"NC R2$ Control (Day 7)",84
"251","CO2",6.709,12001908,725132,2433.31593,"Default",0.0002061328,-40.67114,"NC R2$ Control (Day 7)",84
"252","N2O",7.283,38193,2599,2.25207,"Default",5.896508e-05,0,"NC R2$ Control (Day 7)",84
"253","CH4",3.25,45003,4524,12.84035,"Default",0.0004181727,-5.978499,"NC R3$ Control (Day 7)",85
"254","CO2",6.708,13719455,836911,2787.35881,"Default",0.0002061328,-40.67114,"NC R3$ Control (Day 7)",85
"255","N2O",7.283,28600,1986,1.68642,"Default",5.896508e-05,0,"NC R3$ Control (Day 7)",85
"256","CH4",3.247,54244,4437,16.70505,"Default",0.0004181727,-5.978499,"GA R1$ CC_INC, PL_SF (Day 7)",86
"257","CO2",6.658,197625508,13159611,40696.43163,"Default",0.0002061328,-40.67114,"GA R1$ CC_INC, PL_SF (Day 7)",86
"258","N2O",7.26,22932,1570,1.35219,"Default",5.896508e-05,0,"GA R1$ CC_INC, PL_SF (Day 7)",86
"259","CH4",3.253,49796,4899,14.84494,"Default",0.0004181727,-5.978499,"GA R2$ CC_INC, PL_SF (Day 7)",87
"260","CO2",6.65,257294196,17159965,52996.10624,"Default",0.0002061328,-40.67114,"GA R2$ CC_INC, PL_SF (Day 7)",87
"261","N2O",7.289,24254,1618,1.43015,"Default",5.896508e-05,0,"GA R2$ CC_INC, PL_SF (Day 7)",87
"262","CH4",3.247,47245,4545,13.77827,"Default",0.0004181727,-5.978499,"GA R3$ CC_INC, PL_SF (Day 7)",88
"263","CO2",6.663,183374728,12079431,37758.87805,"Default",0.0002061328,-40.67114,"GA R3$ CC_INC, PL_SF (Day 7)",88
"264","N2O",7.259,23512,1564,1.38641,"Default",5.896508e-05,0,"GA R3$ CC_INC, PL_SF (Day 7)",88
"265","CH4",3.25,47838,4744,14.02595,"Default",0.0004181727,-5.978499,"GA R1$ CC_SF, PL_INC (Day 7)",89
"266","CO2",6.673,133981546,8708623,27577.32241,"Default",0.0002061328,-40.67114,"GA R1$ CC_SF, PL_INC (Day 7)",89
"267","N2O",7.281,24680,1717,1.45526,"Default",5.896508e-05,0,"GA R1$ CC_SF, PL_INC (Day 7)",89
"268","CH4",3.244,45283,4551,12.9577,"Default",0.0004181727,-5.978499,"GA R2$ CC_SF, PL_INC (Day 7)",90
"269","CO2",6.665,174079045,11471577,35842.73286,"Default",0.0002061328,-40.67114,"GA R2$ CC_SF, PL_INC (Day 7)",90
"270","N2O",7.272,22352,1583,1.31798,"Default",5.896508e-05,0,"GA R2$ CC_SF, PL_INC (Day 7)",90
"271","CH4",3.245,50639,4936,15.19725,"Default",0.0004181727,-5.978499,"GA R3$ CC_SF, PL_INC (Day 7)",91
"272","CO2",6.647,274088630,18274859,56457.99021,"Default",0.0002061328,-40.67114,"GA R3$ CC_SF, PL_INC (Day 7)",91
"273","N2O",7.246,21025,1408,1.23976,"Default",5.896508e-05,0,"GA R3$ CC_SF, PL_INC (Day 7)",91
"274","CH4",3.241,37741,3803,9.80359,"Default",0.0004181727,-5.978499,"GA R1$ CC_SF, PL_SF (Day 7)",92
"275","CO2",6.664,180118223,11798377,37087.60559,"Default",0.0002061328,-40.67114,"GA R1$ CC_SF, PL_SF (Day 7)",92
"276","N2O",7.265,28378,1953,1.67329,"Default",5.896508e-05,0,"GA R1$ CC_SF, PL_SF (Day 7)",92
"277","CH4",3.24,41995,4126,11.5826,"Default",0.0004181727,-5.978499,"GA R2$ CC_SF, PL_SF (Day 7)",93
"278","CO2",6.648,262845798,17566479,54140.47365,"Default",0.0002061328,-40.67114,"GA R2$ CC_SF, PL_SF (Day 7)",93
"279","N2O",7.263,25360,1793,1.49536,"Default",5.896508e-05,0,"GA R2$ CC_SF, PL_SF (Day 7)",93
"280","CH4",3.24,42844,4014,11.93781,"Default",0.0004181727,-5.978499,"GA R3$ CC_SF, PL_SF (Day 7)",94
"281","CO2",6.668,158933287,10357196,32720.69509,"Default",0.0002061328,-40.67114,"GA R3$ CC_SF, PL_SF (Day 7)",94
"282","N2O",7.285,25161,1707,1.48364,"Default",5.896508e-05,0,"GA R3$ CC_SF, PL_SF (Day 7)",94
"283","CH4",3.242,39476,4025,10.52947,"Default",0.0004181727,-5.978499,"GA R1$ CC_INC, PL_INC (Day 7)",95
"284","CO2",6.662,192849079,12620675,39711.85283,"Default",0.0002061328,-40.67114,"GA R1$ CC_INC, PL_INC (Day 7)",95
"285","N2O",7.27,22363,1540,1.31865,"Default",5.896508e-05,0,"GA R1$ CC_INC, PL_INC (Day 7)",95
"286","CH4",3.248,39165,3953,10.39906,"Default",0.0004181727,-5.978499,"GA R2$ CC_INC, PL_INC (Day 7)",96
"287","CO2",6.674,134814811,8729879,27749.08556,"Default",0.0002061328,-40.67114,"GA R2$ CC_INC, PL_INC (Day 7)",96
"288","N2O",7.278,25837,1764,1.52348,"Default",5.896508e-05,0,"GA R2$ CC_INC, PL_INC (Day 7)",96
"289","CH4",3.243,44603,4411,12.67308,"Default",0.0004181727,-5.978499,"GA R3$ CC_INC, PL_INC (Day 7)",97
"290","CO2",6.646,270698567,18084998,55759.187,"Default",0.0002061328,-40.67114,"GA R3$ CC_INC, PL_INC (Day 7)",97
"291","N2O",7.239,24784,1620,1.4614,"Default",5.896508e-05,0,"GA R3$ CC_INC, PL_INC (Day 7)",97
"292","CH4",3.247,44372,4309,12.57668,"Default",0.0004181727,-5.978499,"GA R1$ Control (Day 7)",98
"293","CO2",6.715,9051346,564689,1825.10832,"Default",0.0002061328,-40.67114,"GA R1$ Control (Day 7)",98
"294","N2O",7.276,26865,1867,1.58409,"Default",5.896508e-05,0,"GA R1$ Control (Day 7)",98
"295","CH4",3.248,43037,4197,12.01832,"Default",0.0004181727,-5.978499,"GA R2$ Control (Day 7)",99
"296","CO2",6.709,10286128,617817,2079.63749,"Default",0.0002061328,-40.67114,"GA R2$ Control (Day 7)",99
"297","N2O",7.288,26951,1927,1.58914,"Default",5.896508e-05,0,"GA R2$ Control (Day 7)",99
"298","CH4",3.249,43317,4264,12.13556,"Default",0.0004181727,-5.978499,"GA R3$ Control (Day 7)",100
"299","CO2",6.711,8535886,513598,1718.85504,"Default",0.0002061328,-40.67114,"GA R3$ Control (Day 7)",100
"300","N2O",7.279,29521,1922,1.7407,"Default",5.896508e-05,0,"GA R3$ Control (Day 7)",100
"301","CH4",3.248,45291,4507,12.961,"Default",0.0004181727,-5.978499,"Blank Air 1",101
"302","CO2",6.713,6867067,410609,1374.85681,"Default",0.0002061328,-40.67114,"Blank Air 1",101
"303","N2O",7.29,26010,1888,1.53367,"Default",5.896508e-05,0,"Blank Air 1",101
"304","CH4",3.245,45658,4324,13.11426,"Default",0.0004181727,-5.978499,"Blank Air 2",102
"305","CO2",6.709,7178446,437112,1439.04218,"Default",0.0002061328,-40.67114,"Blank Air 2",102
"306","N2O",7.283,25131,1838,1.48184,"Default",5.896508e-05,0,"Blank Air 2",102
"307","CH4",3.249,43675,4351,12.28537,"Default",0.0004181727,-5.978499,"Blank water 1",103
"308","CO2",6.709,7678837,468159,1542.18907,"Default",0.0002061328,-40.67114,"Blank water 1",103
"309","N2O",7.292,28212,1948,1.66352,"Default",5.896508e-05,0,"Blank water 1",103
"310","CH4",3.247,45193,4329,12.9201,"Default",0.0004181727,-5.978499,"Blank water 2",104
"311","CO2",6.71,7872072,482028,1582.02125,"Default",0.0002061328,-40.67114,"Blank water 2",104
"312","N2O",7.282,26080,1847,1.53783,"Default",5.896508e-05,0,"Blank water 2",104
"313","CH4",3.251,42651,4096,11.85714,"Default",0.0004181727,-5.978499,"Blank water 3",105
"314","CO2",6.709,7189296,442391,1441.27864,"Default",0.0002061328,-40.67114,"Blank water 3",105
"315","N2O",7.304,25596,3536,1.50928,"Default",5.896508e-05,0,"Blank water 3",105
"316","CH4",3.251,41903,4273,11.54429,"Default",0.0004181727,-5.978499,"NC R1$ CC_SF, PL_INC (Day 10)",106
"317","CO2",6.646,285315172,18988622,58772.149,"Default",0.0002061328,-40.67114,"NC R1$ CC_SF, PL_INC (Day 10)",106
"318","N2O",7.254,20973,1452,1.23665,"Default",5.896508e-05,0,"NC R1$ CC_SF, PL_INC (Day 10)",106
"319","CH4",3.245,52373,4557,15.92254,"Default",0.0004181727,-5.978499,"NC R2$ CC_SF, PL_INC (Day 10)",107
"320","CO2",6.659,203617079,13475881,41931.49098,"Default",0.0002061328,-40.67114,"NC R2$ CC_SF, PL_INC (Day 10)",107
"321","N2O",7.261,23469,1612,1.38382,"Default",5.896508e-05,0,"NC R2$ CC_SF, PL_INC (Day 10)",107
"322","CH4",3.249,48145,4906,14.15432,"Default",0.0004181727,-5.978499,"NC R3$ CC_SF, PL_INC (Day 10)",108
"323","CO2",6.647,278838667,18587897,57437.12882,"Default",0.0002061328,-40.67114,"NC R3$ CC_SF, PL_INC (Day 10)",108
"324","N2O",7.252,22713,1530,1.33929,"Default",5.896508e-05,0,"NC R3$ CC_SF, PL_INC (Day 10)",108
"325","CH4",3.246,47410,4695,13.84709,"Default",0.0004181727,-5.978499,"NC R1$ CC_INC, PL_SF (Day 10)",109
"326","CO2",6.662,192254812,12641421,39589.35479,"Default",0.0002061328,-40.67114,"NC R1$ CC_INC, PL_SF (Day 10)",109
"327","N2O",7.265,24072,1652,1.4194,"Default",5.896508e-05,0,"NC R1$ CC_INC, PL_SF (Day 10)",109
"328","CH4",3.243,48370,4781,14.24846,"Default",0.0004181727,-5.978499,"NC R2$ CC_INC, PL_SF (Day 10)",110
"329","CO2",6.649,267729693,17873991,55147.20464,"Default",0.0002061328,-40.67114,"NC R2$ CC_INC, PL_SF (Day 10)",110
"330","N2O",7.245,20782,1372,1.22544,"Default",5.896508e-05,0,"NC R2$ CC_INC, PL_SF (Day 10)",110
"331","CH4",3.244,52745,4861,16.07783,"Default",0.0004181727,-5.978499,"NC R3$ CC_INC, PL_SF (Day 10)",111
"332","CO2",6.647,285047214,18878804,58716.91412,"Default",0.0002061328,-40.67114,"NC R3$ CC_INC, PL_SF (Day 10)",111
"333","N2O",7.27,22557,1474,1.33005,"Default",5.896508e-05,0,"NC R3$ CC_INC, PL_SF (Day 10)",111
"334","CH4",3.249,42367,4346,11.73823,"Default",0.0004181727,-5.978499,"NC R1$ CC_SF, PL_SF (Day 10)",112
"335","CO2",6.661,200623969,13185711,41314.51278,"Default",0.0002061328,-40.67114,"NC R1$ CC_SF, PL_SF (Day 10)",112
"336","N2O",7.259,24026,1687,1.41672,"Default",5.896508e-05,0,"NC R1$ CC_SF, PL_SF (Day 10)",112
"337","CH4",3.249,45669,4649,13.11898,"Default",0.0004181727,-5.978499,"NC R2$ CC_SF, PL_SF (Day 10)",113
"338","CO2",6.646,285674188,19014771,58846.15408,"Default",0.0002061328,-40.67114,"NC R2$ CC_SF, PL_SF (Day 10)",113
"339","N2O",7.256,24984,3163,1.47316,"Default",5.896508e-05,0,"NC R2$ CC_SF, PL_SF (Day 10)",113
"340","CH4",3.247,47592,4706,13.92327,"Default",0.0004181727,-5.978499,"NC R3$ CC_SF, PL_SF (Day 10)",114
"341","CO2",6.646,293707773,19509365,60502.13955,"Default",0.0002061328,-40.67114,"NC R3$ CC_SF, PL_SF (Day 10)",114
"342","N2O",7.258,18498,2458,1.09072,"Default",5.896508e-05,0,"NC R3$ CC_SF, PL_SF (Day 10)",114
"343","CH4",3.247,48664,4978,14.37148,"Default",0.0004181727,-5.978499,"NC R1$ CC_INC, PL_INC (Day 10)",115
"344","CO2",6.648,289680789,19135322,59672.04586,"Default",0.0002061328,-40.67114,"NC R1$ CC_INC, PL_INC (Day 10)",115
"345","N2O",7.225,19712,1304,1.16233,"Default",5.896508e-05,0,"NC R1$ CC_INC, PL_INC (Day 10)",115
"346","CH4",3.246,48009,4931,14.09756,"Default",0.0004181727,-5.978499,"NC R2$ CC_INC, PL_INC (Day 10)",116
"347","CO2",6.647,279732200,18595249,57621.31519,"Default",0.0002061328,-40.67114,"NC R2$ CC_INC, PL_INC (Day 10)",116
"348","N2O",7.247,17815,1209,1.05046,"Default",5.896508e-05,0,"NC R2$ CC_INC, PL_INC (Day 10)",116
"349","CH4",3.246,54833,4677,16.95115,"Default",0.0004181727,-5.978499,"NC R3$ CC_INC, PL_INC (Day 10)",117
"350","CO2",6.66,201341130,13250780,41462.34321,"Default",0.0002061328,-40.67114,"NC R3$ CC_INC, PL_INC (Day 10)",117
"351","N2O",7.271,2638069,172039,155.55397,"Default",5.896508e-05,0,"NC R3$ CC_INC, PL_INC (Day 10)",117
"352","CH4",3.246,49864,4657,14.87313,"Default",0.0004181727,-5.978499,"NC R1$ Control (Day 10)",118
"353","CO2",6.711,21687450,1294908,4429.82398,"Default",0.0002061328,-40.67114,"NC R1$ Control (Day 10)",118
"354","N2O",7.292,37291,2815,2.19888,"Default",5.896508e-05,0,"NC R1$ Control (Day 10)",118
"355","CH4",3.246,43689,4429,12.29118,"Default",0.0004181727,-5.978499,"NC R2$ Control (Day 10)",119
"356","CO2",6.709,20975974,1257046,4283.16545,"Default",0.0002061328,-40.67114,"NC R2$ Control (Day 10)",119
"357","N2O",7.273,37626,2389,2.2186,"Default",5.896508e-05,0,"NC R2$ Control (Day 10)",119
"358","CH4",3.25,45270,4488,12.95232,"Default",0.0004181727,-5.978499,"NC R3$ Control (Day 10)",120
"359","CO2",6.709,19585800,1183851,3996.605,"Default",0.0002061328,-40.67114,"NC R3$ Control (Day 10)",120
"360","N2O",7.283,40946,2828,2.41438,"Default",5.896508e-05,0,"NC R3$ Control (Day 10)",120
"361","CH4",3.242,46012,4820,13.2626,"Default",0.0004181727,-5.978499,"GA R1$ CC_INC, PL_SF (Day 10)",121
"362","CO2",6.648,279438843,18625128,57560.84472,"Default",0.0002061328,-40.67114,"GA R1$ CC_INC, PL_SF (Day 10)",121
"363","N2O",7.256,21078,1385,1.24286,"Default",5.896508e-05,0,"GA R1$ CC_INC, PL_SF (Day 10)",121
"364","CH4",3.245,48063,4705,14.12,"Default",0.0004181727,-5.978499,"GA R2$ CC_INC, PL_SF (Day 10)",122
"365","CO2",6.646,287666702,19155868,59256.87646,"Default",0.0002061328,-40.67114,"GA R2$ CC_INC, PL_SF (Day 10)",122
"366","N2O",7.282,22892,2735,1.34983,"Default",5.896508e-05,0,"GA R2$ CC_INC, PL_SF (Day 10)",122
"367","CH4",3.243,47758,4980,13.99246,"Default",0.0004181727,-5.978499,"GA R3$ CC_INC, PL_SF (Day 10)",123
"368","CO2",6.648,280304089,18629494,57739.20043,"Default",0.0002061328,-40.67114,"GA R3$ CC_INC, PL_SF (Day 10)",123
"369","N2O",7.257,21046,1386,1.24097,"Default",5.896508e-05,0,"GA R3$ CC_INC, PL_SF (Day 10)",123
"370","CH4",3.242,56342,5117,17.58223,"Default",0.0004181727,-5.978499,"GA R1$ CC_SF, PL_INC (Day 10)",124
"371","CO2",6.647,280585916,18640162,57797.29417,"Default",0.0002061328,-40.67114,"GA R1$ CC_SF, PL_INC (Day 10)",124
"372","N2O",7.264,20557,1338,1.21212,"Default",5.896508e-05,0,"GA R1$ CC_SF, PL_INC (Day 10)",124
"373","CH4",3.242,51125,4987,15.40057,"Default",0.0004181727,-5.978499,"GA R2$ CC_SF, PL_INC (Day 10)",125
"374","CO2",6.654,237437337,15690376,48902.95601,"Default",0.0002061328,-40.67114,"GA R2$ CC_SF, PL_INC (Day 10)",125
"375","N2O",7.251,21627,2906,1.27526,"Default",5.896508e-05,0,"GA R2$ CC_SF, PL_INC (Day 10)",125
"376","CH4",3.244,54233,5195,16.70027,"Default",0.0004181727,-5.978499,"GA R3$ CC_SF, PL_INC (Day 10)",126
"377","CO2",6.649,286829588,18873892,59084.31987,"Default",0.0002061328,-40.67114,"GA R3$ CC_SF, PL_INC (Day 10)",126
"378","N2O",7.261,21278,1423,1.25467,"Default",5.896508e-05,0,"GA R3$ CC_SF, PL_INC (Day 10)",126
"379","CH4",3.243,48525,4704,14.31334,"Default",0.0004181727,-5.978499,"GA R1$ CC_SF, PL_SF (Day 10)",127
"380","CO2",6.653,242812993,16108612,50011.05513,"Default",0.0002061328,-40.67114,"GA R1$ CC_SF, PL_SF (Day 10)",127
"381","N2O",7.255,26408,1646,1.55713,"Default",5.896508e-05,0,"GA R1$ CC_SF, PL_SF (Day 10)",127
"382","CH4",3.246,49615,4787,14.76931,"Default",0.0004181727,-5.978499,"GA R2$ CC_SF, PL_SF (Day 10)",128
"383","CO2",6.652,254142895,16793597,52346.51979,"Default",0.0002061328,-40.67114,"GA R2$ CC_SF, PL_SF (Day 10)",128
"384","N2O",7.262,232299,15087,13.69756,"Default",5.896508e-05,0,"GA R2$ CC_SF, PL_SF (Day 10)",128
"385","CH4",3.243,52597,5067,16.01621,"Default",0.0004181727,-5.978499,"GA R3$ CC_SF, PL_SF (Day 10)",129
"386","CO2",6.647,288442873,19140002,59416.87093,"Default",0.0002061328,-40.67114,"GA R3$ CC_SF, PL_SF (Day 10)",129
"387","N2O",7.255,22030,2843,1.299,"Default",5.896508e-05,0,"GA R3$ CC_SF, PL_SF (Day 10)",129
"388","CH4",3.246,52686,5146,16.05341,"Default",0.0004181727,-5.978499,"GA R1$ CC_INC, PL_INC (Day 10)",130
"389","CO2",6.651,249003291,16493905,51287.07876,"Default",0.0002061328,-40.67114,"GA R1$ CC_INC, PL_INC (Day 10)",130
"390","N2O",7.257,22599,1469,1.33253,"Default",5.896508e-05,0,"GA R1$ CC_INC, PL_INC (Day 10)",130
"391","CH4",3.243,52834,5294,16.11537,"Default",0.0004181727,-5.978499,"GA R2$ CC_INC, PL_INC (Day 10)",131
"392","CO2",6.652,250116232,16547820,51516.49238,"Default",0.0002061328,-40.67114,"GA R2$ CC_INC, PL_INC (Day 10)",131
"393","N2O",7.263,21482,2896,1.2667,"Default",5.896508e-05,0,"GA R2$ CC_INC, PL_INC (Day 10)",131
"394","CH4",3.244,54190,5462,16.6824,"Default",0.0004181727,-5.978499,"GA R3$ CC_INC, PL_INC (Day 10)",132
"395","CO2",6.651,262465720,17276181,54062.12711,"Default",0.0002061328,-40.67114,"GA R3$ CC_INC, PL_INC (Day 10)",132
"396","N2O",7.248,18691,2532,1.10209,"Default",5.896508e-05,0,"GA R3$ CC_INC, PL_INC (Day 10)",132
"397","CH4",3.248,50031,4649,14.94315,"Default",0.0004181727,-5.978499,"GA R1$ Control (Day 10)",133
"398","CO2",6.712,11427020,715863,2314.81276,"Default",0.0002061328,-40.67114,"GA R1$ Control (Day 10)",133
"399","N2O",7.296,27520,1924,1.62273,"Default",5.896508e-05,0,"GA R1$ Control (Day 10)",133
"400","CH4",3.247,50954,4591,15.32922,"Default",0.0004181727,-5.978499,"GA R2$ Control (Day 10)",134
"401","CO2",6.711,13663623,814986,2775.85004,"Default",0.0002061328,-40.67114,"GA R2$ Control (Day 10)",134
"402","N2O",7.273,28894,1969,1.70375,"Default",5.896508e-05,0,"GA R2$ Control (Day 10)",134
"403","CH4",3.249,46278,4561,13.37373,"Default",0.0004181727,-5.978499,"GA R3$ Control (Day 10)",135
"404","CO2",6.712,13441896,804626,2730.14472,"Default",0.0002061328,-40.67114,"GA R3$ Control (Day 10)",135
"405","N2O",7.277,31194,2001,1.83936,"Default",5.896508e-05,0,"GA R3$ Control (Day 10)",135
"406","CH4",3.249,44526,4514,12.64125,"Default",0.0004181727,-5.978499,"Blank Air 1",136
"407","CO2",6.714,8336779,496263,1677.81255,"Default",0.0002061328,-40.67114,"Blank Air 1",136
"408","N2O",7.273,25127,1823,1.48164,"Default",5.896508e-05,0,"Blank Air 1",136
"409","CH4",3.248,45115,4415,12.88724,"Default",0.0004181727,-5.978499,"Blank Air 2",137
"410","CO2",6.712,7313907,441470,1466.96518,"Default",0.0002061328,-40.67114,"Blank Air 2",137
"411","N2O",7.291,25527,1773,1.50518,"Default",5.896508e-05,0,"Blank Air 2",137
"412","CH4",3.245,43227,4247,12.09783,"Default",0.0004181727,-5.978499,"Blank water 1",138
"413","CO2",6.712,7425233,448362,1489.91315,"Default",0.0002061328,-40.67114,"Blank water 1",138
"414","N2O",7.294,24941,1810,1.47063,"Default",5.896508e-05,0,"Blank water 1",138
"415","CH4",3.244,46794,4314,13.58954,"Default",0.0004181727,-5.978499,"Blank water 2",139
"416","CO2",6.713,9316740,564962,1879.81473,"Default",0.0002061328,-40.67114,"Blank water 2",139
"417","N2O",7.302,27345,1896,1.61239,"Default",5.896508e-05,0,"Blank water 2",139
"418","CH4",3.246,42413,4263,11.75732,"Default",0.0004181727,-5.978499,"Blank water 3",140
"419","CO2",6.711,7122736,434058,1427.5585,"Default",0.0002061328,-40.67114,"Blank water 3",140
"420","N2O",7.277,27561,1859,1.62513,"Default",5.896508e-05,0,"Blank water 3",140
"421","CH4",3.24,44590,4562,12.66762,"Default",0.0004181727,-5.978499,"NC R1$ CC_SF, PL_INC (Day 12)",141
"422","CO2",6.657,214596720,14193633,44194.75519,"Default",0.0002061328,-40.67114,"NC R1$ CC_SF, PL_INC (Day 12)",141
"423","N2O",7.266,507627,32886,29.93227,"Default",5.896508e-05,0,"NC R1$ CC_SF, PL_INC (Day 12)",141
"424","CH4",3.25,47212,4540,13.76408,"Default",0.0004181727,-5.978499,"NC R2$ CC_SF, PL_INC (Day 12)",142
"425","CO2",6.655,278522239,18185754,57371.90268,"Default",0.0002061328,-40.67114,"NC R2$ CC_SF, PL_INC (Day 12)",142
"426","N2O",7.258,55814,4047,3.29107,"Default",5.896508e-05,0,"NC R2$ CC_SF, PL_INC (Day 12)",142
"427","CH4",3.242,45315,4712,12.97119,"Default",0.0004181727,-5.978499,"NC R3$ CC_SF, PL_INC (Day 12)",143
"428","CO2",6.65,253923694,16904664,52301.33526,"Default",0.0002061328,-40.67114,"NC R3$ CC_SF, PL_INC (Day 12)",143
"429","N2O",7.26,96402,6095,5.68438,"Default",5.896508e-05,0,"NC R3$ CC_SF, PL_INC (Day 12)",143
"430","CH4",3.245,52473,4783,15.96444,"Default",0.0004181727,-5.978499,"NC R1$ CC_INC, PL_SF (Day 12)",144
"431","CO2",6.651,251426261,16722583,51786.53223,"Default",0.0002061328,-40.67114,"NC R1$ CC_INC, PL_SF (Day 12)",144
"432","N2O",7.261,161579,10563,9.52753,"Default",5.896508e-05,0,"NC R1$ CC_INC, PL_SF (Day 12)",144
"433","CH4",3.249,49942,4912,14.9058,"Default",0.0004181727,-5.978499,"NC R2$ CC_INC, PL_SF (Day 12)",145
"434","CO2",6.648,276574024,18245516,56970.31163,"Default",0.0002061328,-40.67114,"NC R2$ CC_INC, PL_SF (Day 12)",145
"435","N2O",7.26,104792,6706,6.17906,"Default",5.896508e-05,0,"NC R2$ CC_INC, PL_SF (Day 12)",145
"436","CH4",3.245,53488,4945,16.38861,"Default",0.0004181727,-5.978499,"NC R3$ CC_INC, PL_SF (Day 12)",146
"437","CO2",6.65,259843358,17116713,53521.57222,"Default",0.0002061328,-40.67114,"NC R3$ CC_INC, PL_SF (Day 12)",146
"438","N2O",7.259,94525,6151,5.57365,"Default",5.896508e-05,0,"NC R3$ CC_INC, PL_SF (Day 12)",146
"439","CH4",3.242,49137,5046,14.56932,"Default",0.0004181727,-5.978499,"NC R1$ CC_SF, PL_SF (Day 12)",147
"440","CO2",6.651,257127458,17092852,52961.73611,"Default",0.0002061328,-40.67114,"NC R1$ CC_SF, PL_SF (Day 12)",147
"441","N2O",7.261,395482,25367,23.31963,"Default",5.896508e-05,0,"NC R1$ CC_SF, PL_SF (Day 12)",147
"442","CH4",3.248,52755,5122,16.08216,"Default",0.0004181727,-5.978499,"NC R2$ CC_SF, PL_SF (Day 12)",148
"443","CO2",6.649,268301778,17754013,55265.13026,"Default",0.0002061328,-40.67114,"NC R2$ CC_SF, PL_SF (Day 12)",148
"444","N2O",7.258,451074,28832,26.59764,"Default",5.896508e-05,0,"NC R2$ CC_SF, PL_SF (Day 12)",148
"445","CH4",3.247,54055,5226,16.62567,"Default",0.0004181727,-5.978499,"NC R3$ CC_SF, PL_SF (Day 12)",149
"446","CO2",6.652,261527043,17227536,53868.63489,"Default",0.0002061328,-40.67114,"NC R3$ CC_SF, PL_SF (Day 12)",149
"447","N2O",7.266,451094,29057,26.5988,"Default",5.896508e-05,0,"NC R3$ CC_SF, PL_SF (Day 12)",149
"448","CH4",3.246,48875,5014,14.4595,"Default",0.0004181727,-5.978499,"NC R1$ CC_INC, PL_INC (Day 12)",150
"449","CO2",6.655,233837617,15483427,48160.93567,"Default",0.0002061328,-40.67114,"NC R1$ CC_INC, PL_INC (Day 12)",150
"450","N2O",7.261,132475,8600,7.81138,"Default",5.896508e-05,0,"NC R1$ CC_INC, PL_INC (Day 12)",150
"451","CH4",3.248,53428,5071,16.36351,"Default",0.0004181727,-5.978499,"NC R2$ CC_INC, PL_INC (Day 12)",151
"452","CO2",6.651,257123289,17088806,52960.87669,"Default",0.0002061328,-40.67114,"NC R2$ CC_INC, PL_INC (Day 12)",151
"453","N2O",7.256,76617,5028,4.51771,"Default",5.896508e-05,0,"NC R2$ CC_INC, PL_INC (Day 12)",151
"454","CH4",3.25,49230,4774,14.60818,"Default",0.0004181727,-5.978499,"NC R3$ CC_INC, PL_INC (Day 12)",152
"455","CO2",6.678,135346489,8683530,27858.68201,"Default",0.0002061328,-40.67114,"NC R3$ CC_INC, PL_INC (Day 12)",152
"456","N2O",7.279,3008262,198959,177.38245,"Default",5.896508e-05,0,"NC R3$ CC_INC, PL_INC (Day 12)",152
"457","CH4",3.248,52319,5017,15.90001,"Default",0.0004181727,-5.978499,"NC R1$ Control (Day 12)",153
"458","CO2",6.712,13694422,813693,2782.19869,"Default",0.0002061328,-40.67114,"NC R1$ Control (Day 12)",153
"459","N2O",7.275,27768,1962,1.63732,"Default",5.896508e-05,0,"NC R1$ Control (Day 12)",153
"460","CH4",3.251,57376,5211,18.01478,"Default",0.0004181727,-5.978499,"NC R2$ Control (Day 12)",154
"461","CO2",6.716,13417453,795869,2725.10627,"Default",0.0002061328,-40.67114,"NC R2$ Control (Day 12)",154
"462","N2O",7.285,30318,2028,1.78773,"Default",5.896508e-05,0,"NC R2$ Control (Day 12)",154
"463","CH4",3.25,47992,4768,14.09059,"Default",0.0004181727,-5.978499,"NC R3$ Control (Day 12)",155
"464","CO2",6.714,12398737,745789,2515.11552,"Default",0.0002061328,-40.67114,"NC R3$ Control (Day 12)",155
"465","N2O",7.298,32413,2178,1.91126,"Default",5.896508e-05,0,"NC R3$ Control (Day 12)",155
"466","CH4",3.248,48262,4987,14.20355,"Default",0.0004181727,-5.978499,"GA R1$ CC_INC, PL_SF (Day 12)",156
"467","CO2",6.655,243185367,16152320,50087.81359,"Default",0.0002061328,-40.67114,"GA R1$ CC_INC, PL_SF (Day 12)",156
"468","N2O",7.267,84880,5527,5.00498,"Default",5.896508e-05,0,"GA R1$ CC_INC, PL_SF (Day 12)",156
"469","CH4",3.248,51178,5247,15.42288,"Default",0.0004181727,-5.978499,"GA R2$ CC_INC, PL_SF (Day 12)",157
"470","CO2",6.655,251545014,16594994,51811.01122,"Default",0.0002061328,-40.67114,"GA R2$ CC_INC, PL_SF (Day 12)",157
"471","N2O",7.262,220293,14335,12.98959,"Default",5.896508e-05,0,"GA R2$ CC_INC, PL_SF (Day 12)",157
"472","CH4",3.243,51603,5276,15.60059,"Default",0.0004181727,-5.978499,"GA R3$ CC_INC, PL_SF (Day 12)",158
"473","CO2",6.656,235689278,15596235,48542.62373,"Default",0.0002061328,-40.67114,"GA R3$ CC_INC, PL_SF (Day 12)",158
"474","N2O",7.266,239915,15636,14.1466,"Default",5.896508e-05,0,"GA R3$ CC_INC, PL_SF (Day 12)",158
"475","CH4",3.246,49655,5003,14.78573,"Default",0.0004181727,-5.978499,"GA R1$ CC_SF, PL_INC (Day 12)",159
"476","CO2",6.652,269602373,17860913,55533.22542,"Default",0.0002061328,-40.67114,"GA R1$ CC_SF, PL_INC (Day 12)",159
"477","N2O",7.266,149814,9496,8.83381,"Default",5.896508e-05,0,"GA R1$ CC_SF, PL_INC (Day 12)",159
"478","CH4",3.243,49498,5028,14.72032,"Default",0.0004181727,-5.978499,"GA R2$ CC_SF, PL_INC (Day 12)",160
"479","CO2",6.651,266791894,17696874,54953.89354,"Default",0.0002061328,-40.67114,"GA R2$ CC_SF, PL_INC (Day 12)",160
"480","N2O",7.259,41174,2693,2.4278,"Default",5.896508e-05,0,"GA R2$ CC_SF, PL_INC (Day 12)",160
"481","CH4",3.244,49822,5099,14.85558,"Default",0.0004181727,-5.978499,"GA R3$ CC_SF, PL_INC (Day 12)",161
"482","CO2",6.654,255389379,16857025,52603.46107,"Default",0.0002061328,-40.67114,"GA R3$ CC_SF, PL_INC (Day 12)",161
"483","N2O",7.27,95642,6186,5.63954,"Default",5.896508e-05,0,"GA R3$ CC_SF, PL_INC (Day 12)",161
"484","CH4",3.243,49604,4760,14.76448,"Default",0.0004181727,-5.978499,"GA R1$ CC_SF, PL_SF (Day 12)",162
"485","CO2",6.661,231991029,15233517,47780.2932,"Default",0.0002061328,-40.67114,"GA R1$ CC_SF, PL_SF (Day 12)",162
"486","N2O",7.262,272994,17779,16.0971,"Default",5.896508e-05,0,"GA R1$ CC_SF, PL_SF (Day 12)",162
"487","CH4",3.243,43413,4562,12.17559,"Default",0.0004181727,-5.978499,"GA R2$ CC_SF, PL_SF (Day 12)",163
"488","CO2",6.658,250572249,16440205,51610.4924,"Default",0.0002061328,-40.67114,"GA R2$ CC_SF, PL_SF (Day 12)",163
"489","N2O",7.262,362135,23379,21.35334,"Default",5.896508e-05,0,"GA R2$ CC_SF, PL_SF (Day 12)",163
"490","CH4",3.245,53558,4607,16.41793,"Default",0.0004181727,-5.978499,"GA R3$ CC_SF, PL_SF (Day 12)",164
"491","CO2",6.655,265819051,17498431,54753.35871,"Default",0.0002061328,-40.67114,"GA R3$ CC_SF, PL_SF (Day 12)",164
"492","N2O",7.265,160867,10369,9.48551,"Default",5.896508e-05,0,"GA R3$ CC_SF, PL_SF (Day 12)",164
"493","CH4",3.24,46796,4740,13.5903,"Default",0.0004181727,-5.978499,"GA R1$ CC_INC, PL_INC (Day 12)",165
"494","CO2",6.656,259211042,17065142,53391.23114,"Default",0.0002061328,-40.67114,"GA R1$ CC_INC, PL_INC (Day 12)",165
"495","N2O",7.26,22746,1666,1.34123,"Default",5.896508e-05,0,"GA R1$ CC_INC, PL_INC (Day 12)",165
"496","CH4",3.243,44553,4592,12.65219,"Default",0.0004181727,-5.978499,"GA R2$ CC_INC, PL_INC (Day 12)",166
"497","CO2",6.673,179314361,11593982,36921.90332,"Default",0.0002061328,-40.67114,"GA R2$ CC_INC, PL_INC (Day 12)",166
"498","N2O",7.276,136108,9064,8.02564,"Default",5.896508e-05,0,"GA R2$ CC_INC, PL_INC (Day 12)",166
"499","CH4",3.244,47901,4474,14.05253,"Default",0.0004181727,-5.978499,"GA R3$ CC_INC, PL_INC (Day 12)",167
"500","CO2",6.656,264285059,17415049,54437.15261,"Default",0.0002061328,-40.67114,"GA R3$ CC_INC, PL_INC (Day 12)",167
"501","N2O",7.261,39242,2647,2.31392,"Default",5.896508e-05,0,"GA R3$ CC_INC, PL_INC (Day 12)",167
"502","CH4",3.246,44461,4425,12.61378,"Default",0.0004181727,-5.978499,"GA R1$ Control (Day 12)",168
"503","CO2",6.719,10425907,652303,2108.45039,"Default",0.0002061328,-40.67114,"GA R1$ Control (Day 12)",168
"504","N2O",7.285,26718,1921,1.57541,"Default",5.896508e-05,0,"GA R1$ Control (Day 12)",168
"505","CH4",3.245,46164,4510,13.32585,"Default",0.0004181727,-5.978499,"GA R2$ Control (Day 12)",169
"506","CO2",6.719,11064896,652397,2240.16713,"Default",0.0002061328,-40.67114,"GA R2$ Control (Day 12)",169
"507","N2O",7.296,28495,1954,1.6802,"Default",5.896508e-05,0,"GA R2$ Control (Day 12)",169
"508","CH4",3.249,47210,4504,13.76357,"Default",0.0004181727,-5.978499,"GA R3$ Control (Day 12)",170
"509","CO2",6.72,9205201,546832,1856.82286,"Default",0.0002061328,-40.67114,"GA R3$ Control (Day 12)",170
"510","N2O",7.297,28191,2149,1.66228,"Default",5.896508e-05,0,"GA R3$ Control (Day 12)",170
"511","CH4",3.251,52292,4883,15.88879,"Default",0.0004181727,-5.978499,"Blank Air 1",171
"512","CO2",6.722,6897350,407954,1381.0991,"Default",0.0002061328,-40.67114,"Blank Air 1",171
"513","N2O",7.301,26091,1849,1.53843,"Default",5.896508e-05,0,"Blank Air 1",171
"514","CH4",3.251,45342,4544,12.98246,"Default",0.0004181727,-5.978499,"Blank Air 2",172
"515","CO2",6.719,6624180,396344,1324.78978,"Default",0.0002061328,-40.67114,"Blank Air 2",172
"516","N2O",7.278,23869,1708,1.40741,"Default",5.896508e-05,0,"Blank Air 2",172
"517","CH4",3.247,41760,4154,11.48456,"Default",0.0004181727,-5.978499,"Blank water 1",173
"518","CO2",6.72,7236678,433148,1451.04558,"Default",0.0002061328,-40.67114,"Blank water 1",173
"519","N2O",7.28,27988,1844,1.6503,"Default",5.896508e-05,0,"Blank water 1",173
"520","CH4",3.246,45047,4481,12.85907,"Default",0.0004181727,-5.978499,"Blank water 2",174
"521","CO2",6.718,7508922,452284,1507.16404,"Default",0.0002061328,-40.67114,"Blank water 2",174
"522","N2O",7.299,24615,1794,1.45143,"Default",5.896508e-05,0,"Blank water 2",174
"523","CH4",3.251,45243,4426,12.94079,"Default",0.0004181727,-5.978499,"Blank water 3",175
"524","CO2",6.718,7396083,447436,1483.90434,"Default",0.0002061328,-40.67114,"Blank water 3",175
"525","N2O",7.304,24612,3490,1.45126,"Default",5.896508e-05,0,"Blank water 3",175
"526","CH4",3.241,43128,4330,12.0566,"Default",0.0004181727,-5.978499,"NC R1$ CC_SF, PL_INC (Day 15)",176
"527","CO2",6.667,192778434,12601314,39697.29047,"Default",0.0002061328,-40.67114,"NC R1$ CC_SF, PL_INC (Day 15)",176
"528","N2O",7.274,2118422,138867,124.91294,"Default",5.896508e-05,0,"NC R1$ CC_SF, PL_INC (Day 15)",176
"529","CH4",3.246,43714,4380,12.30161,"Default",0.0004181727,-5.978499,"NC R2$ CC_SF, PL_INC (Day 15)",177
"530","CO2",6.655,266484054,17566418,54890.4377,"Default",0.0002061328,-40.67114,"NC R2$ CC_SF, PL_INC (Day 15)",177
"531","N2O",7.262,431240,27660,25.42812,"Default",5.896508e-05,0,"NC R2$ CC_SF, PL_INC (Day 15)",177
"532","CH4",3.247,47443,4615,13.86089,"Default",0.0004181727,-5.978499,"NC R3$ CC_SF, PL_INC (Day 15)",178
"533","CO2",6.659,239742939,15753256,49378.21632,"Default",0.0002061328,-40.67114,"NC R3$ CC_SF, PL_INC (Day 15)",178
"534","N2O",7.267,383736,24810,22.62703,"Default",5.896508e-05,0,"NC R3$ CC_SF, PL_INC (Day 15)",178
"535","CH4",3.246,47393,4775,13.84008,"Default",0.0004181727,-5.978499,"NC R1$ CC_INC, PL_SF (Day 15)",179
"536","CO2",6.659,243717473,16023836,50197.49819,"Default",0.0002061328,-40.67114,"NC R1$ CC_INC, PL_SF (Day 15)",179
"537","N2O",7.26,195577,12665,11.53221,"Default",5.896508e-05,0,"NC R1$ CC_INC, PL_SF (Day 15)",179
"538","CH4",3.246,48443,4649,14.2792,"Default",0.0004181727,-5.978499,"NC R2$ CC_INC, PL_SF (Day 15)",180
"539","CO2",6.654,275173339,18097154,56681.58442,"Default",0.0002061328,-40.67114,"NC R2$ CC_INC, PL_SF (Day 15)",180
"540","N2O",7.258,27708,1696,1.63381,"Default",5.896508e-05,0,"NC R2$ CC_INC, PL_SF (Day 15)",180
"541","CH4",3.24,49222,4402,14.605,"Default",0.0004181727,-5.978499,"NC R3$ CC_INC, PL_SF (Day 15)",181
"542","CO2",6.652,290390145,19077255,59818.26747,"Default",0.0002061328,-40.67114,"NC R3$ CC_INC, PL_SF (Day 15)",181
"543","N2O",7.236,40914,2534,2.4125,"Default",5.896508e-05,0,"NC R3$ CC_INC, PL_SF (Day 15)",181
"544","CH4",3.243,45029,4545,12.85138,"Default",0.0004181727,-5.978499,"NC R1$ CC_SF, PL_SF (Day 15)",182
"545","CO2",6.651,295901974,19452963,60954.43634,"Default",0.0002061328,-40.67114,"NC R1$ CC_SF, PL_SF (Day 15)",182
"546","N2O",7.258,440611,27764,25.98065,"Default",5.896508e-05,0,"NC R1$ CC_SF, PL_SF (Day 15)",182
"547","CH4",3.245,43134,4412,12.05888,"Default",0.0004181727,-5.978499,"NC R2$ CC_SF, PL_SF (Day 15)",183
"548","CO2",6.651,304270553,19990572,62679.47507,"Default",0.0002061328,-40.67114,"NC R2$ CC_SF, PL_SF (Day 15)",183
"549","N2O",7.256,52674,3129,3.10591,"Default",5.896508e-05,0,"NC R2$ CC_SF, PL_SF (Day 15)",183
"550","CH4",3.245,42728,4341,11.88909,"Default",0.0004181727,-5.978499,"NC R3$ CC_SF, PL_SF (Day 15)",184
"551","CO2",6.657,255321200,16744274,52589.40709,"Default",0.0002061328,-40.67114,"NC R3$ CC_SF, PL_SF (Day 15)",184
"552","N2O",7.266,180769,11570,10.65905,"Default",5.896508e-05,0,"NC R3$ CC_SF, PL_SF (Day 15)",184
"553","CH4",3.243,47550,4514,13.90577,"Default",0.0004181727,-5.978499,"NC R1$ CC_INC, PL_INC (Day 15)",185
"554","CO2",6.651,295097338,19363318,60788.57456,"Default",0.0002061328,-40.67114,"NC R1$ CC_INC, PL_INC (Day 15)",185
"555","N2O",7.256,626408,39679,36.93622,"Default",5.896508e-05,0,"NC R1$ CC_INC, PL_INC (Day 15)",185
"556","CH4",3.244,45125,4421,12.89167,"Default",0.0004181727,-5.978499,"NC R2$ CC_INC, PL_INC (Day 15)",186
"557","CO2",6.653,281872091,18507810,58062.41704,"Default",0.0002061328,-40.67114,"NC R2$ CC_INC, PL_INC (Day 15)",186
"558","N2O",7.276,27310,1884,1.61031,"Default",5.896508e-05,0,"NC R2$ CC_INC, PL_INC (Day 15)",186
"559","CH4",3.247,45823,4514,13.18356,"Default",0.0004181727,-5.978499,"NC R3$ CC_INC, PL_INC (Day 15)",187
"560","CO2",6.679,155106836,9845231,31931.93785,"Default",0.0002061328,-40.67114,"NC R3$ CC_INC, PL_INC (Day 15)",187
"561","N2O",7.295,9594699,625029,565.75226,"Default",5.896508e-05,0,"NC R3$ CC_INC, PL_INC (Day 15)",187
"562","CH4",3.246,45459,4415,13.03141,"Default",0.0004181727,-5.978499,"NC R1$ Control (Day 15)",188
"563","CO2",6.719,13006527,754438,2640.40085,"Default",0.0002061328,-40.67114,"NC R1$ Control (Day 15)",188
"564","N2O",7.284,43607,3395,2.57127,"Default",5.896508e-05,0,"NC R1$ Control (Day 15)",188
"565","CH4",3.25,43942,4415,12.39676,"Default",0.0004181727,-5.978499,"NC R2$ Control (Day 15)",189
"566","CO2",6.719,13901730,819491,2824.93172,"Default",0.0002061328,-40.67114,"NC R2$ Control (Day 15)",189
"567","N2O",7.274,21932,1730,1.2932,"Default",5.896508e-05,0,"NC R2$ Control (Day 15)",189
"568","CH4",3.247,46676,4532,13.54002,"Default",0.0004181727,-5.978499,"NC R3$ Control (Day 15)",190
"569","CO2",6.718,15690411,934982,3193.63743,"Default",0.0002061328,-40.67114,"NC R3$ Control (Day 15)",190
"570","N2O",7.296,38363,3280,2.26208,"Default",5.896508e-05,0,"NC R3$ Control (Day 15)",190
"571","CH4",3.246,50739,4852,15.23918,"Default",0.0004181727,-5.978499,"GA R1$ CC_INC, PL_SF (Day 15)",191
"572","CO2",6.653,284004819,18625472,58502.04235,"Default",0.0002061328,-40.67114,"GA R1$ CC_INC, PL_SF (Day 15)",191
"573","N2O",7.266,297381,19010,17.53511,"Default",5.896508e-05,0,"GA R1$ CC_INC, PL_SF (Day 15)",191
"574","CH4",3.246,45223,4577,12.93263,"Default",0.0004181727,-5.978499,"GA R2$ CC_INC, PL_SF (Day 15)",192
"575","CO2",6.65,307840615,20076832,63415.382,"Default",0.0002061328,-40.67114,"GA R2$ CC_INC, PL_SF (Day 15)",192
"576","N2O",7.262,79414,5037,4.68265,"Default",5.896508e-05,0,"GA R2$ CC_INC, PL_SF (Day 15)",192
"577","CH4",3.245,47901,4673,14.05239,"Default",0.0004181727,-5.978499,"GA R3$ CC_INC, PL_SF (Day 15)",193
"578","CO2",6.65,311720064,20345490,64215.06378,"Default",0.0002061328,-40.67114,"GA R3$ CC_INC, PL_SF (Day 15)",193
"579","N2O",7.252,37437,2511,2.20749,"Default",5.896508e-05,0,"GA R3$ CC_INC, PL_SF (Day 15)",193
"580","CH4",3.245,45108,4535,12.88432,"Default",0.0004181727,-5.978499,"GA R1$ CC_SF, PL_INC (Day 15)",194
"581","CO2",6.654,293239953,19136741,60405.70649,"Default",0.0002061328,-40.67114,"GA R1$ CC_SF, PL_INC (Day 15)",194
"582","N2O",7.271,27197,1681,1.60369,"Default",5.896508e-05,0,"GA R1$ CC_SF, PL_INC (Day 15)",194
"583","CH4",3.242,48833,4624,14.44202,"Default",0.0004181727,-5.978499,"GA R2$ CC_SF, PL_INC (Day 15)",195
"584","CO2",6.652,301671622,19734925,62143.75019,"Default",0.0002061328,-40.67114,"GA R2$ CC_SF, PL_INC (Day 15)",195
"585","N2O",7.257,21257,1405,1.2534,"Default",5.896508e-05,0,"GA R2$ CC_SF, PL_INC (Day 15)",195
"586","CH4",3.244,44388,4523,12.58356,"Default",0.0004181727,-5.978499,"GA R3$ CC_SF, PL_INC (Day 15)",196
"587","CO2",6.651,311494860,20349944,64168.64188,"Default",0.0002061328,-40.67114,"GA R3$ CC_SF, PL_INC (Day 15)",196
"588","N2O",7.279,16641,1166,0.98122,"Default",5.896508e-05,0,"GA R3$ CC_SF, PL_INC (Day 15)",196
"589","CH4",3.245,41557,4297,11.39948,"Default",0.0004181727,-5.978499,"GA R1$ CC_SF, PL_SF (Day 15)",197
"590","CO2",6.656,276130748,17995602,56878.93783,"Default",0.0002061328,-40.67114,"GA R1$ CC_SF, PL_SF (Day 15)",197
"591","N2O",7.265,2298291,147188,135.51894,"Default",5.896508e-05,0,"GA R1$ CC_SF, PL_SF (Day 15)",197
"592","CH4",3.248,44846,4291,12.77467,"Default",0.0004181727,-5.978499,"GA R2$ CC_SF, PL_SF (Day 15)",198
"593","CO2",6.652,309732840,20202173,63805.43175,"Default",0.0002061328,-40.67114,"GA R2$ CC_SF, PL_SF (Day 15)",198
"594","N2O",7.249,67287,4023,3.96756,"Default",5.896508e-05,0,"GA R2$ CC_SF, PL_SF (Day 15)",198
"595","CH4",3.243,40532,4099,10.97069,"Default",0.0004181727,-5.978499,"GA R3$ CC_SF, PL_SF (Day 15)",199
"596","CO2",6.653,296626356,19356803,61103.75519,"Default",0.0002061328,-40.67114,"GA R3$ CC_SF, PL_SF (Day 15)",199
"597","N2O",7.261,79852,5091,4.7085,"Default",5.896508e-05,0,"GA R3$ CC_SF, PL_SF (Day 15)",199
"598","CH4",3.246,40001,4049,10.74887,"Default",0.0004181727,-5.978499,"GA R1$ CC_INC, PL_INC (Day 15)",200
"599","CO2",6.651,310680109,20246432,64000.69487,"Default",0.0002061328,-40.67114,"GA R1$ CC_INC, PL_INC (Day 15)",200
"600","N2O",7.279,24142,1439,1.42352,"Default",5.896508e-05,0,"GA R1$ CC_INC, PL_INC (Day 15)",200
"601","CH4",3.245,44147,4442,12.48254,"Default",0.0004181727,-5.978499,"GA R2$ CC_INC, PL_INC (Day 15)",201
"602","CO2",6.654,298366339,19385637,61462.42283,"Default",0.0002061328,-40.67114,"GA R2$ CC_INC, PL_INC (Day 15)",201
"603","N2O",7.268,19573,1309,1.15412,"Default",5.896508e-05,0,"GA R2$ CC_INC, PL_INC (Day 15)",201
"604","CH4",3.243,47126,4511,13.72844,"Default",0.0004181727,-5.978499,"GA R3$ CC_INC, PL_INC (Day 15)",202
"605","CO2",6.651,307073832,20050772,63257.32297,"Default",0.0002061328,-40.67114,"GA R3$ CC_INC, PL_INC (Day 15)",202
"606","N2O",7.238,23624,1349,1.39299,"Default",5.896508e-05,0,"GA R3$ CC_INC, PL_INC (Day 15)",202
"607","CH4",3.246,44515,4410,12.63644,"Default",0.0004181727,-5.978499,"GA R1$ Control (Day 15)",203
"608","CO2",6.722,13215601,817907,2683.49788,"Default",0.0002061328,-40.67114,"GA R1$ Control (Day 15)",203
"609","N2O",7.301,32233,2393,1.9006,"Default",5.896508e-05,0,"GA R1$ Control (Day 15)",203
"610","CH4",3.248,39516,3941,10.54605,"Default",0.0004181727,-5.978499,"GA R2$ Control (Day 15)",204
"611","CO2",6.721,12782290,742288,2594.17839,"Default",0.0002061328,-40.67114,"GA R2$ Control (Day 15)",204
"612","N2O",7.283,26683,1993,1.57337,"Default",5.896508e-05,0,"GA R2$ Control (Day 15)",204
"613","CH4",3.241,39008,4001,10.33346,"Default",0.0004181727,-5.978499,"GA R3$ Control (Day 15)",205
"614","CO2",6.723,12705847,746985,2578.42087,"Default",0.0002061328,-40.67114,"GA R3$ Control (Day 15)",205
"615","N2O",7.289,32902,2107,1.94005,"Default",5.896508e-05,0,"GA R3$ Control (Day 15)",205
"616","CH4",3.242,41029,3837,11.17859,"Default",0.0004181727,-5.978499,"Blank Air 1",206
"617","CO2",6.72,7535711,443509,1512.6862,"Default",0.0002061328,-40.67114,"Blank Air 1",206
"618","N2O",7.283,29335,1911,1.72974,"Default",5.896508e-05,0,"Blank Air 1",206
"619","CH4",3.247,39128,3973,10.38396,"Default",0.0004181727,-5.978499,"Blank Air 2",207
"620","CO2",6.723,7171375,422728,1437.58452,"Default",0.0002061328,-40.67114,"Blank Air 2",207
"621","N2O",7.306,30071,1930,1.77312,"Default",5.896508e-05,0,"Blank Air 2",207
"622","CH4",3.246,37535,3871,9.71758,"Default",0.0004181727,-5.978499,"Blank water 1",208
"623","CO2",6.721,7770798,462608,1561.14532,"Default",0.0002061328,-40.67114,"Blank water 1",208
"624","N2O",7.286,24121,1766,1.42232,"Default",5.896508e-05,0,"Blank water 1",208
"625","CH4",3.242,39683,3876,10.61589,"Default",0.0004181727,-5.978499,"Blank water 2",209
"626","CO2",6.721,7580150,451279,1521.8466,"Default",0.0002061328,-40.67114,"Blank water 2",209
"627","N2O",7.293,26499,1867,1.56253,"Default",5.896508e-05,0,"Blank water 2",209
"628","CH4",3.242,37969,3773,9.8992,"Default",0.0004181727,-5.978499,"Blank water 3",210
"629","CO2",6.722,7454740,443339,1495.99536,"Default",0.0002061328,-40.67114,"Blank water 3",210
"630","N2O",7.287,27116,1903,1.59889,"Default",5.896508e-05,0,"Blank water 3",210
"631","CH4",3.246,39008,4049,10.33349,"Default",0.0004181727,-5.978499,"NC R1$ CC_SF, PL_INC (Day 20)",211
"632","CO2",6.665,209653490,13690502,43175.79329,"Default",0.0002061328,-40.67114,"NC R1$ CC_SF, PL_INC (Day 20)",211
"633","N2O",7.356,42324711,2495218,2495.68017,"Default",5.896508e-05,0,"NC R1$ CC_SF, PL_INC (Day 20)",211
"634","CH4",3.243,45869,4229,13.20255,"Default",0.0004181727,-5.978499,"NC R2$ CC_SF, PL_INC (Day 20)",212
"635","CO2",6.654,283510927,18576414,58400.23499,"Default",0.0002061328,-40.67114,"NC R2$ CC_SF, PL_INC (Day 20)",212
"636","N2O",7.571,85872,6354,5.06345,"Default",5.896508e-05,0,"NC R2$ CC_SF, PL_INC (Day 20)",212
"637","CH4",3.241,42195,4395,11.66639,"Default",0.0004181727,-5.978499,"NC R3$ CC_SF, PL_INC (Day 20)",213
"638","CO2",6.656,264120642,17294695,54403.26088,"Default",0.0002061328,-40.67114,"NC R3$ CC_SF, PL_INC (Day 20)",213
"639","N2O",7.305,19623763,1226602,1157.11685,"Default",5.896508e-05,0,"NC R3$ CC_SF, PL_INC (Day 20)",213
"640","CH4",3.246,59270,6151,18.80661,"Default",0.0004181727,-5.978499,"NC R1$ CC_INC, PL_SF (Day 20)",214
"641","CO2",6.654,282693046,18509876,58231.6427,"Default",0.0002061328,-40.67114,"NC R1$ CC_INC, PL_SF (Day 20)",214
"642","N2O",7.574,66558,5002,3.92458,"Default",5.896508e-05,0,"NC R1$ CC_INC, PL_SF (Day 20)",214
"643","CH4",3.245,58138,5991,18.33337,"Default",0.0004181727,-5.978499,"NC R2$ CC_INC, PL_SF (Day 20)",215
"644","CO2",6.653,291897703,19129601,60129.0246,"Default",0.0002061328,-40.67114,"NC R2$ CC_INC, PL_SF (Day 20)",215
"645","N2O",7.594,40820,3156,2.40695,"Default",5.896508e-05,0,"NC R2$ CC_INC, PL_SF (Day 20)",215
"646","CH4",3.244,58610,6022,18.53042,"Default",0.0004181727,-5.978499,"NC R3$ CC_INC, PL_SF (Day 20)",216
"647","CO2",6.658,262112619,17104629,53989.34131,"Default",0.0002061328,-40.67114,"NC R3$ CC_INC, PL_SF (Day 20)",216
"648","N2O",7.263,32826,2511,1.93557,"Default",5.896508e-05,0,"NC R3$ CC_INC, PL_SF (Day 20)",216
"649","CH4",3.246,67716,6594,22.33863,"Default",0.0004181727,-5.978499,"NC R1$ CC_SF, PL_SF (Day 20)",217
"650","CO2",6.654,281588464,18390891,58003.95229,"Default",0.0002061328,-40.67114,"NC R1$ CC_SF, PL_SF (Day 20)",217
"651","N2O",7.277,27920,2623,1.64629,"Default",5.896508e-05,0,"NC R1$ CC_SF, PL_SF (Day 20)",217
"652","CH4",3.241,62512,6135,20.16231,"Default",0.0004181727,-5.978499,"NC R2$ CC_SF, PL_SF (Day 20)",218
"653","CO2",6.653,291628593,19049963,60073.55219,"Default",0.0002061328,-40.67114,"NC R2$ CC_SF, PL_SF (Day 20)",218
"654","N2O",7.256,23839,2308,1.40564,"Default",5.896508e-05,0,"NC R2$ CC_SF, PL_SF (Day 20)",218
"655","CH4",3.242,67954,6952,22.43787,"Default",0.0004181727,-5.978499,"NC R3$ CC_SF, PL_SF (Day 20)",219
"656","CO2",6.653,291819647,19092799,60112.93472,"Default",0.0002061328,-40.67114,"NC R3$ CC_SF, PL_SF (Day 20)",219
"657","N2O",7.251,23398,2350,1.37969,"Default",5.896508e-05,0,"NC R3$ CC_SF, PL_SF (Day 20)",219
"658","CH4",3.251,49810,5030,14.85071,"Default",0.0004181727,-5.978499,"NC R1$ CC_INC, PL_INC (Day 20)",220
"659","CO2",6.654,278629975,18223027,57394.11052,"Default",0.0002061328,-40.67114,"NC R1$ CC_INC, PL_INC (Day 20)",220
"660","N2O",7.269,23554,2043,1.38885,"Default",5.896508e-05,0,"NC R1$ CC_INC, PL_INC (Day 20)",220
"661","CH4",3.237,111391,11987,40.60206,"Default",0.0004181727,-5.978499,"NC R2$ CC_INC, PL_INC (Day 20)",221
"662","CO2",6.66,244760904,15971291,50412.58341,"Default",0.0002061328,-40.67114,"NC R2$ CC_INC, PL_INC (Day 20)",221
"663","N2O",7.263,25123,1838,1.48137,"Default",5.896508e-05,0,"NC R2$ CC_INC, PL_INC (Day 20)",221
"664","CH4",3.244,57590,5871,18.10394,"Default",0.0004181727,-5.978499,"NC R3$ CC_INC, PL_INC (Day 20)",222
"665","CO2",6.656,273738538,17901218,56385.82475,"Default",0.0002061328,-40.67114,"NC R3$ CC_INC, PL_INC (Day 20)",222
"666","N2O",7.272,19689,2594,1.16096,"Default",5.896508e-05,0,"NC R3$ CC_INC, PL_INC (Day 20)",222
"667","CH4",3.248,44967,4529,12.82566,"Default",0.0004181727,-5.978499,"NC R1$ Control (Day 20)",223
"668","CO2",6.718,24677295,1444358,5046.12921,"Default",0.0002061328,-40.67114,"NC R1$ Control (Day 20)",223
"669","N2O",7.295,40054,2660,2.36181,"Default",5.896508e-05,0,"NC R1$ Control (Day 20)",223
"670","CH4",3.25,44727,4286,12.72517,"Default",0.0004181727,-5.978499,"NC R2$ Control (Day 20)",224
"671","CO2",6.717,22044170,1304852,4503.35568,"Default",0.0002061328,-40.67114,"NC R2$ Control (Day 20)",224
"672","N2O",7.272,34458,4439,2.03184,"Default",5.896508e-05,0,"NC R2$ Control (Day 20)",224
"673","CH4",3.247,43696,4300,12.2938,"Default",0.0004181727,-5.978499,"NC R3$ Control (Day 20)",225
"674","CO2",6.717,25781584,1544390,5273.75934,"Default",0.0002061328,-40.67114,"NC R3$ Control (Day 20)",225
"675","N2O",7.279,44678,2990,2.63447,"Default",5.896508e-05,0,"NC R3$ Control (Day 20)",225
"676","CH4",3.248,48420,4568,14.26948,"Default",0.0004181727,-5.978499,"GA R1$ CC_INC, PL_SF (Day 20)",226
"677","CO2",6.658,254174491,16693972,52353.03262,"Default",0.0002061328,-40.67114,"GA R1$ CC_INC, PL_SF (Day 20)",226
"678","N2O",7.264,20268,1308,1.19509,"Default",5.896508e-05,0,"GA R1$ CC_INC, PL_SF (Day 20)",226
"679","CH4",3.245,46602,4780,13.50927,"Default",0.0004181727,-5.978499,"GA R2$ CC_INC, PL_SF (Day 20)",227
"680","CO2",6.657,262331898,17160202,54034.54196,"Default",0.0002061328,-40.67114,"GA R2$ CC_INC, PL_SF (Day 20)",227
"681","N2O",7.28,20412,1381,1.20357,"Default",5.896508e-05,0,"GA R2$ CC_INC, PL_SF (Day 20)",227
"682","CH4",3.246,46425,4755,13.43525,"Default",0.0004181727,-5.978499,"GA R3$ CC_INC, PL_SF (Day 20)",228
"683","CO2",6.659,256010535,16750217,52731.50155,"Default",0.0002061328,-40.67114,"GA R3$ CC_INC, PL_SF (Day 20)",228
"684","N2O",7.242,23083,1705,1.36111,"Default",5.896508e-05,0,"GA R3$ CC_INC, PL_SF (Day 20)",228
"685","CH4",3.241,60425,6054,19.28957,"Default",0.0004181727,-5.978499,"GA R1$ CC_SF, PL_INC (Day 20)",229
"686","CO2",6.655,274474868,17996306,56537.60662,"Default",0.0002061328,-40.67114,"GA R1$ CC_SF, PL_INC (Day 20)",229
"687","N2O",7.266,19540,1401,1.15219,"Default",5.896508e-05,0,"GA R1$ CC_SF, PL_INC (Day 20)",229
"688","CH4",3.239,63381,6668,20.52555,"Default",0.0004181727,-5.978499,"GA R2$ CC_SF, PL_INC (Day 20)",230
"689","CO2",6.651,315617783,20608807,65018.51152,"Default",0.0002061328,-40.67114,"GA R2$ CC_SF, PL_INC (Day 20)",230
"690","N2O",7.268,16914,1155,0.99731,"Default",5.896508e-05,0,"GA R2$ CC_SF, PL_INC (Day 20)",230
"691","CH4",3.247,45364,4427,12.99139,"Default",0.0004181727,-5.978499,"GA R3$ CC_SF, PL_INC (Day 20)",231
"692","CO2",6.654,291440896,19021348,60034.86169,"Default",0.0002061328,-40.67114,"GA R3$ CC_SF, PL_INC (Day 20)",231
"693","N2O",7.236,18925,2473,1.11591,"Default",5.896508e-05,0,"GA R3$ CC_SF, PL_INC (Day 20)",231
"694","CH4",3.249,45812,4371,13.17894,"Default",0.0004181727,-5.978499,"GA R1$ CC_SF, PL_SF (Day 20)",232
"695","CO2",6.652,305553040,20027017,62943.8378,"Default",0.0002061328,-40.67114,"GA R1$ CC_SF, PL_SF (Day 20)",232
"696","N2O",7.246,17577,1249,1.03643,"Default",5.896508e-05,0,"GA R1$ CC_SF, PL_SF (Day 20)",232
"697","CH4",3.244,44335,4388,12.56115,"Default",0.0004181727,-5.978499,"GA R2$ CC_SF, PL_SF (Day 20)",233
"698","CO2",6.656,274343829,17906247,56510.59513,"Default",0.0002061328,-40.67114,"GA R2$ CC_SF, PL_SF (Day 20)",233
"699","N2O",7.251,18642,1332,1.09925,"Default",5.896508e-05,0,"GA R2$ CC_SF, PL_SF (Day 20)",233
"700","CH4",3.248,42999,4285,12.00256,"Default",0.0004181727,-5.978499,"GA R3$ CC_SF, PL_SF (Day 20)",234
"701","CO2",6.656,275891877,18031967,56829.69873,"Default",0.0002061328,-40.67114,"GA R3$ CC_SF, PL_SF (Day 20)",234
"702","N2O",7.26,21293,3025,1.25557,"Default",5.896508e-05,0,"GA R3$ CC_SF, PL_SF (Day 20)",234
"703","CH4",3.245,40189,4187,10.82728,"Default",0.0004181727,-5.978499,"GA R1$ CC_INC, PL_INC (Day 20)",235
"704","CO2",6.657,267847543,17530469,55171.49751,"Default",0.0002061328,-40.67114,"GA R1$ CC_INC, PL_INC (Day 20)",235
"705","N2O",7.245,19573,2726,1.15413,"Default",5.896508e-05,0,"GA R1$ CC_INC, PL_INC (Day 20)",235
"706","CH4",3.246,39952,4081,10.72825,"Default",0.0004181727,-5.978499,"GA R2$ CC_INC, PL_INC (Day 20)",236
"707","CO2",6.659,256905456,16774494,52915.97424,"Default",0.0002061328,-40.67114,"GA R2$ CC_INC, PL_INC (Day 20)",236
"708","N2O",7.266,840877,54463,49.58241,"Default",5.896508e-05,0,"GA R2$ CC_INC, PL_INC (Day 20)",236
"709","CH4",3.244,39577,4240,10.57144,"Default",0.0004181727,-5.978499,"GA R3$ CC_INC, PL_INC (Day 20)",237
"710","CO2",6.654,283721659,18636748,58443.67365,"Default",0.0002061328,-40.67114,"GA R3$ CC_INC, PL_INC (Day 20)",237
"711","N2O",7.269,25858,2543,1.52474,"Default",5.896508e-05,0,"GA R3$ CC_INC, PL_INC (Day 20)",237
"712","CH4",3.246,38833,3801,10.26057,"Default",0.0004181727,-5.978499,"GA R1$ Control (Day 20)",238
"713","CO2",6.72,19457628,1132415,3970.18445,"Default",0.0002061328,-40.67114,"GA R1$ Control (Day 20)",238
"714","N2O",7.305,33699,2314,1.98707,"Default",5.896508e-05,0,"GA R1$ Control (Day 20)",238
"715","CH4",3.245,37919,3816,9.87812,"Default",0.0004181727,-5.978499,"GA R2$ Control (Day 20)",239
"716","CO2",6.719,19257193,1132426,3928.86821,"Default",0.0002061328,-40.67114,"GA R2$ Control (Day 20)",239
"717","N2O",7.276,37240,2520,2.19585,"Default",5.896508e-05,0,"GA R2$ Control (Day 20)",239
"718","CH4",3.241,41660,3927,11.44251,"Default",0.0004181727,-5.978499,"GA R3$ Control (Day 20)",240
"719","CO2",6.718,18516811,1099375,3776.2512,"Default",0.0002061328,-40.67114,"GA R3$ Control (Day 20)",240
"720","N2O",7.298,33394,2308,1.96911,"Default",5.896508e-05,0,"GA R3$ Control (Day 20)",240
"721","CH4",3.246,37887,3834,9.86472,"Default",0.0004181727,-5.978499,"Blank Air 1",241
"722","CO2",6.721,7865747,464410,1580.71751,"Default",0.0002061328,-40.67114,"Blank Air 1",241
"723","N2O",7.289,25549,1854,1.50649,"Default",5.896508e-05,0,"Blank Air 1",241
"724","CH4",3.246,39550,3923,10.56024,"Default",0.0004181727,-5.978499,"Blank Air 2",242
"725","CO2",6.721,7847822,466615,1577.02247,"Default",0.0002061328,-40.67114,"Blank Air 2",242
"726","N2O",7.281,27583,1862,1.62644,"Default",5.896508e-05,0,"Blank Air 2",242
"727","CH4",3.25,42034,4021,11.5991,"Default",0.0004181727,-5.978499,"Blank water 1",243
"728","CO2",6.723,8434421,501219,1697.93985,"Default",0.0002061328,-40.67114,"Blank water 1",243
"729","N2O",7.286,25621,1818,1.51075,"Default",5.896508e-05,0,"Blank water 1",243
"730","CH4",3.249,44901,4226,12.79787,"Default",0.0004181727,-5.978499,"Blank water 2",244
"731","CO2",6.724,8442354,500572,1699.57503,"Default",0.0002061328,-40.67114,"Blank water 2",244
"732","N2O",7.297,24854,1860,1.46552,"Default",5.896508e-05,0,"Blank water 2",244
"733","CH4",3.248,43510,4151,12.21619,"Default",0.0004181727,-5.978499,"Blank water 3",245
"734","CO2",6.721,8359022,502511,1682.39768,"Default",0.0002061328,-40.67114,"Blank water 3",245
"735","N2O",7.287,24413,1784,1.43953,"Default",5.896508e-05,0,"Blank water 3",245
"736","CH4",3.246,42805,4246,11.92138,"Default",0.0004181727,-5.978499,"NC R1$ CC_SF, PL_INC (Day 25)",246
"737","CO2",6.674,166417892,10790116,34263.5177,"Default",0.0002061328,-40.67114,"NC R1$ CC_SF, PL_INC (Day 25)",246
"738","N2O",7.443,101865006,4435456,6006.4787,"Default",5.896508e-05,0,"NC R1$ CC_SF, PL_INC (Day 25)",246
"739","CH4",3.254,42475,4182,11.78336,"Default",0.0004181727,-5.978499,"NC R2$ CC_SF, PL_INC (Day 25)",247
"740","CO2",6.666,213998083,13849027,44071.35658,"Default",0.0002061328,-40.67114,"NC R2$ CC_SF, PL_INC (Day 25)",247
"741","N2O",7.281,4598341,295011,271.14159,"Default",5.896508e-05,0,"NC R2$ CC_SF, PL_INC (Day 25)",247
"742","CH4",3.249,49775,4307,14.8362,"Default",0.0004181727,-5.978499,"NC R3$ CC_SF, PL_INC (Day 25)",248
"743","CO2",6.662,236558244,15450638,48721.74614,"Default",0.0002061328,-40.67114,"NC R3$ CC_SF, PL_INC (Day 25)",248
"744","N2O",7.357,45512704,2637954,2683.66046,"Default",5.896508e-05,0,"NC R3$ CC_SF, PL_INC (Day 25)",248
"745","CH4",3.245,45522,4381,13.05759,"Default",0.0004181727,-5.978499,"NC R1$ CC_INC, PL_SF (Day 25)",249
"746","CO2",6.655,279951404,18325676,57666.50036,"Default",0.0002061328,-40.67114,"NC R1$ CC_INC, PL_SF (Day 25)",249
"747","N2O",7.265,1540630,93981,90.8434,"Default",5.896508e-05,0,"NC R1$ CC_INC, PL_SF (Day 25)",249
"748","CH4",3.244,55186,5653,17.09893,"Default",0.0004181727,-5.978499,"NC R2$ CC_INC, PL_SF (Day 25)",250
"749","CO2",6.656,287880369,18725237,59300.92032,"Default",0.0002061328,-40.67114,"NC R2$ CC_INC, PL_SF (Day 25)",250
"750","N2O",7.57,67751,5147,3.99497,"Default",5.896508e-05,0,"NC R2$ CC_INC, PL_SF (Day 25)",250
"751","CH4",3.244,55519,4765,17.23812,"Default",0.0004181727,-5.978499,"NC R3$ CC_INC, PL_SF (Day 25)",251
"752","CO2",6.655,277746731,18193948,57212.04501,"Default",0.0002061328,-40.67114,"NC R3$ CC_INC, PL_SF (Day 25)",251
"753","N2O",7.565,47969,4426,2.8285,"Default",5.896508e-05,0,"NC R3$ CC_INC, PL_SF (Day 25)",251
"754","CH4",3.247,53907,5429,16.56384,"Default",0.0004181727,-5.978499,"NC R1$ CC_SF, PL_SF (Day 25)",252
"755","CO2",6.655,292113255,19002814,60173.45692,"Default",0.0002061328,-40.67114,"NC R1$ CC_SF, PL_SF (Day 25)",252
"756","N2O",7.583,33942,3889,2.00137,"Default",5.896508e-05,0,"NC R1$ CC_SF, PL_SF (Day 25)",252
"757","CH4",3.243,55355,5545,17.16943,"Default",0.0004181727,-5.978499,"NC R2$ CC_SF, PL_SF (Day 25)",253
"758","CO2",6.651,319587827,20765195,65836.86801,"Default",0.0002061328,-40.67114,"NC R2$ CC_SF, PL_SF (Day 25)",253
"759","N2O",7.278,30583,3411,1.80334,"Default",5.896508e-05,0,"NC R2$ CC_SF, PL_SF (Day 25)",253
"760","CH4",3.245,55959,4746,17.42186,"Default",0.0004181727,-5.978499,"NC R3$ CC_SF, PL_SF (Day 25)",254
"761","CO2",6.676,176713696,11278017,36385.82087,"Default",0.0002061328,-40.67114,"NC R3$ CC_SF, PL_SF (Day 25)",254
"762","N2O",7.286,34465,2568,2.03221,"Default",5.896508e-05,0,"NC R3$ CC_SF, PL_SF (Day 25)",254
"763","CH4",3.247,46616,4798,13.51484,"Default",0.0004181727,-5.978499,"NC R1$ CC_INC, PL_INC (Day 25)",255
"764","CO2",6.654,299973936,19520130,61793.80137,"Default",0.0002061328,-40.67114,"NC R1$ CC_INC, PL_INC (Day 25)",255
"765","N2O",7.245,23458,2195,1.38319,"Default",5.896508e-05,0,"NC R1$ CC_INC, PL_INC (Day 25)",255
"766","CH4",3.238,110396,11105,40.18613,"Default",0.0004181727,-5.978499,"NC R2$ CC_INC, PL_INC (Day 25)",256
"767","CO2",6.652,307157748,19981390,63274.62084,"Default",0.0002061328,-40.67114,"NC R2$ CC_INC, PL_INC (Day 25)",256
"768","N2O",7.264,22414,2149,1.32164,"Default",5.896508e-05,0,"NC R2$ CC_INC, PL_INC (Day 25)",256
"769","CH4",3.244,49673,4522,14.7934,"Default",0.0004181727,-5.978499,"NC R3$ CC_INC, PL_INC (Day 25)",257
"770","CO2",6.653,298514609,19517998,61492.98614,"Default",0.0002061328,-40.67114,"NC R3$ CC_INC, PL_INC (Day 25)",257
"771","N2O",7.258,192873,12141,11.3728,"Default",5.896508e-05,0,"NC R3$ CC_INC, PL_INC (Day 25)",257
"772","CH4",3.249,45091,4305,12.87752,"Default",0.0004181727,-5.978499,"NC R1$ Control (Day 25)",258
"773","CO2",6.725,18552992,1064062,3783.70934,"Default",0.0002061328,-40.67114,"NC R1$ Control (Day 25)",258
"774","N2O",7.282,69313,4711,4.08703,"Default",5.896508e-05,0,"NC R1$ Control (Day 25)",258
"775","CH4",3.248,45096,4270,12.87935,"Default",0.0004181727,-5.978499,"NC R2$ Control (Day 25)",259
"776","CO2",6.723,14289879,829283,2904.94179,"Default",0.0002061328,-40.67114,"NC R2$ Control (Day 25)",259
"777","N2O",7.289,35498,3033,2.09316,"Default",5.896508e-05,0,"NC R2$ Control (Day 25)",259
"778","CH4",3.249,47400,4419,13.84291,"Default",0.0004181727,-5.978499,"NC R3$ Control (Day 25)",260
"779","CO2",6.719,29849342,1782798,6112.25778,"Default",0.0002061328,-40.67114,"NC R3$ Control (Day 25)",260
"780","N2O",7.293,51079,3337,3.01185,"Default",5.896508e-05,0,"NC R3$ Control (Day 25)",260
"781","CH4",3.247,47136,4597,13.73248,"Default",0.0004181727,-5.978499,"GA R1$ CC_INC, PL_SF (Day 25)",261
"782","CO2",6.659,261721004,17100817,53908.61666,"Default",0.0002061328,-40.67114,"GA R1$ CC_INC, PL_SF (Day 25)",261
"783","N2O",7.253,20960,2739,1.23592,"Default",5.896508e-05,0,"GA R1$ CC_INC, PL_SF (Day 25)",261
"784","CH4",3.246,46435,4574,13.43918,"Default",0.0004181727,-5.978499,"GA R2$ CC_INC, PL_SF (Day 25)",262
"785","CO2",6.657,271709518,17712983,55967.57733,"Default",0.0002061328,-40.67114,"GA R2$ CC_INC, PL_SF (Day 25)",262
"786","N2O",7.278,19745,1425,1.16424,"Default",5.896508e-05,0,"GA R2$ CC_INC, PL_SF (Day 25)",262
"787","CH4",3.249,51692,4846,15.63779,"Default",0.0004181727,-5.978499,"GA R3$ CC_INC, PL_SF (Day 25)",263
"788","CO2",6.655,291564780,18953702,60060.3983,"Default",0.0002061328,-40.67114,"GA R3$ CC_INC, PL_SF (Day 25)",263
"789","N2O",7.259,139939,8851,8.25151,"Default",5.896508e-05,0,"GA R3$ CC_INC, PL_SF (Day 25)",263
"790","CH4",3.248,50764,5008,15.24965,"Default",0.0004181727,-5.978499,"GA R1$ CC_SF, PL_INC (Day 25)",264
"791","CO2",6.662,250481597,16160760,51591.80612,"Default",0.0002061328,-40.67114,"GA R1$ CC_SF, PL_INC (Day 25)",264
"792","N2O",7.28,22019,1678,1.29836,"Default",5.896508e-05,0,"GA R1$ CC_SF, PL_INC (Day 25)",264
"793","CH4",3.24,63091,5671,20.40433,"Default",0.0004181727,-5.978499,"GA R2$ CC_SF, PL_INC (Day 25)",265
"794","CO2",6.652,315601702,20521502,65015.19675,"Default",0.0002061328,-40.67114,"GA R2$ CC_SF, PL_INC (Day 25)",265
"795","N2O",7.232,17776,2376,1.04819,"Default",5.896508e-05,0,"GA R2$ CC_SF, PL_INC (Day 25)",265
"796","CH4",3.247,54870,4955,16.96683,"Default",0.0004181727,-5.978499,"GA R3$ CC_SF, PL_INC (Day 25)",266
"797","CO2",6.656,281133465,18336220,57910.16192,"Default",0.0002061328,-40.67114,"GA R3$ CC_SF, PL_INC (Day 25)",266
"798","N2O",7.265,18323,1733,1.08041,"Default",5.896508e-05,0,"GA R3$ CC_SF, PL_INC (Day 25)",266
"799","CH4",3.248,50504,4740,15.14079,"Default",0.0004181727,-5.978499,"GA R1$ CC_SF, PL_SF (Day 25)",267
"800","CO2",6.658,269670725,17479185,55547.31511,"Default",0.0002061328,-40.67114,"GA R1$ CC_SF, PL_SF (Day 25)",267
"801","N2O",7.263,17994,1267,1.06103,"Default",5.896508e-05,0,"GA R1$ CC_SF, PL_SF (Day 25)",267
"802","CH4",3.248,44548,4580,12.65043,"Default",0.0004181727,-5.978499,"GA R2$ CC_SF, PL_SF (Day 25)",268
"803","CO2",6.653,303908539,19776085,62604.85204,"Default",0.0002061328,-40.67114,"GA R2$ CC_SF, PL_SF (Day 25)",268
"804","N2O",7.275,16963,1261,1.00025,"Default",5.896508e-05,0,"GA R2$ CC_SF, PL_SF (Day 25)",268
"805","CH4",3.245,46165,4371,13.32652,"Default",0.0004181727,-5.978499,"GA R3$ CC_SF, PL_SF (Day 25)",269
"806","CO2",6.656,280506332,18206997,57780.88927,"Default",0.0002061328,-40.67114,"GA R3$ CC_SF, PL_SF (Day 25)",269
"807","N2O",7.252,22926,1982,1.35181,"Default",5.896508e-05,0,"GA R3$ CC_SF, PL_SF (Day 25)",269
"808","CH4",3.247,43929,4413,12.39141,"Default",0.0004181727,-5.978499,"GA R1$ CC_INC, PL_INC (Day 25)",270
"809","CO2",6.659,269030492,17519001,55415.342,"Default",0.0002061328,-40.67114,"GA R1$ CC_INC, PL_INC (Day 25)",270
"810","N2O",7.272,18709,2720,1.1032,"Default",5.896508e-05,0,"GA R1$ CC_INC, PL_INC (Day 25)",270
"811","CH4",3.249,43265,4413,12.11379,"Default",0.0004181727,-5.978499,"GA R2$ CC_INC, PL_INC (Day 25)",271
"812","CO2",6.671,200431492,12894119,41274.83685,"Default",0.0002061328,-40.67114,"GA R2$ CC_INC, PL_INC (Day 25)",271
"813","N2O",7.276,1892810,123956,111.60973,"Default",5.896508e-05,0,"GA R2$ CC_INC, PL_INC (Day 25)",271
"814","CH4",3.248,49913,4433,14.89364,"Default",0.0004181727,-5.978499,"GA R3$ CC_INC, PL_INC (Day 25)",272
"815","CO2",6.657,267904489,17449907,55183.23591,"Default",0.0002061328,-40.67114,"GA R3$ CC_INC, PL_INC (Day 25)",272
"816","N2O",7.248,19694,1588,1.16123,"Default",5.896508e-05,0,"GA R3$ CC_INC, PL_INC (Day 25)",272
"817","CH4",3.249,44538,4246,12.64618,"Default",0.0004181727,-5.978499,"GA R1$ Control (Day 25)",273
"818","CO2",6.723,15696916,905521,3194.97836,"Default",0.0002061328,-40.67114,"GA R1$ Control (Day 25)",273
"819","N2O",7.291,43737,2901,2.57894,"Default",5.896508e-05,0,"GA R1$ Control (Day 25)",273
"820","CH4",3.253,48555,4399,14.32575,"Default",0.0004181727,-5.978499,"GA R2$ Control (Day 25)",274
"821","CO2",6.725,22818476,1326753,4662.96551,"Default",0.0002061328,-40.67114,"GA R2$ Control (Day 25)",274
"822","N2O",7.3,50374,3300,2.9703,"Default",5.896508e-05,0,"GA R2$ Control (Day 25)",274
"823","CH4",3.255,45222,4032,12.93227,"Default",0.0004181727,-5.978499,"GA R3$ Control (Day 25)",275
"824","CO2",6.723,20368230,1204056,4157.8895,"Default",0.0002061328,-40.67114,"GA R3$ Control (Day 25)",275
"825","N2O",7.298,45151,3276,2.66234,"Default",5.896508e-05,0,"GA R3$ Control (Day 25)",275
"826","CH4",3.251,38775,3908,10.23603,"Default",0.0004181727,-5.978499,"Blank Air 1",276
"827","CO2",6.725,7463337,435583,1497.76756,"Default",0.0002061328,-40.67114,"Blank Air 1",276
"828","N2O",7.284,26020,1847,1.5343,"Default",5.896508e-05,0,"Blank Air 1",276
"829","CH4",3.257,40427,3829,10.92706,"Default",0.0004181727,-5.978499,"Blank Air 2",277
"830","CO2",6.724,7492442,442012,1503.76707,"Default",0.0002061328,-40.67114,"Blank Air 2",277
"831","N2O",7.273,27636,1823,1.62954,"Default",5.896508e-05,0,"Blank Air 2",277
"832","CH4",3.25,40054,3823,10.7709,"Default",0.0004181727,-5.978499,"Blank water 1",278
"833","CO2",6.722,7532924,445600,1512.11177,"Default",0.0002061328,-40.67114,"Blank water 1",278
"834","N2O",7.294,23083,1806,1.36109,"Default",5.896508e-05,0,"Blank water 1",278
"835","CH4",3.247,40411,4076,10.92044,"Default",0.0004181727,-5.978499,"Blank water 2",279
"836","CO2",6.724,7498838,445063,1505.08554,"Default",0.0002061328,-40.67114,"Blank water 2",279
"837","N2O",7.292,28991,1897,1.70944,"Default",5.896508e-05,0,"Blank water 2",279
"838","CH4",3.251,41240,4054,11.26677,"Default",0.0004181727,-5.978499,"Blank water 3",280
"839","CO2",6.724,7587195,453207,1523.29865,"Default",0.0002061328,-40.67114,"Blank water 3",280
"840","N2O",7.306,27625,1829,1.62889,"Default",5.896508e-05,0,"Blank water 3",280
"841","CH4",3.238,36858,3745,9.43458,"Default",0.0004181727,-5.978499,"NC R1$ CC_SF, PL_INC (Day 30)",281
"842","CO2",6.682,94965487,6235673,19534.83227,"Default",0.0002061328,-40.67114,"NC R1$ CC_SF, PL_INC (Day 30)",281
"843","N2O",7.362,47124444,2818592,2778.69682,"Default",5.896508e-05,0,"NC R1$ CC_SF, PL_INC (Day 30)",281
"844","CH4",3.239,36924,3594,9.46202,"Default",0.0004181727,-5.978499,"NC R2$ CC_SF, PL_INC (Day 30)",282
"845","CO2",6.672,169838002,11047902,34968.51472,"Default",0.0002061328,-40.67114,"NC R2$ CC_SF, PL_INC (Day 30)",282
"846","N2O",7.309,17676301,1132409,1042.28459,"Default",5.896508e-05,0,"NC R2$ CC_SF, PL_INC (Day 30)",282
"847","CH4",3.244,33519,3532,8.0383,"Default",0.0004181727,-5.978499,"NC R3$ CC_SF, PL_INC (Day 30)",283
"848","CO2",6.683,127977017,8175257,26339.59181,"Default",0.0002061328,-40.67114,"NC R3$ CC_SF, PL_INC (Day 30)",283
"849","N2O",7.412,73176821,3730655,4314.87743,"Default",5.896508e-05,0,"NC R3$ CC_SF, PL_INC (Day 30)",283
"850","CH4",3.242,37505,3616,9.70504,"Default",0.0004181727,-5.978499,"NC R1$ CC_INC, PL_SF (Day 30)",284
"851","CO2",6.665,205422085,13483051,42303.56196,"Default",0.0002061328,-40.67114,"NC R1$ CC_INC, PL_SF (Day 30)",284
"852","N2O",7.294,13104854,837020,772.72881,"Default",5.896508e-05,0,"NC R1$ CC_INC, PL_SF (Day 30)",284
"853","CH4",3.246,34994,3667,8.65517,"Default",0.0004181727,-5.978499,"NC R2$ CC_INC, PL_SF (Day 30)",285
"854","CO2",6.665,209081627,13630493,43057.91372,"Default",0.0002061328,-40.67114,"NC R2$ CC_INC, PL_SF (Day 30)",285
"855","N2O",7.574,91224,7010,5.37903,"Default",5.896508e-05,0,"NC R2$ CC_INC, PL_SF (Day 30)",285
"856","CH4",3.245,40687,4034,11.03574,"Default",0.0004181727,-5.978499,"NC R3$ CC_INC, PL_SF (Day 30)",286
"857","CO2",6.66,242184422,15913738,49881.48602,"Default",0.0002061328,-40.67114,"NC R3$ CC_INC, PL_SF (Day 30)",286
"858","N2O",7.269,869011,54604,51.24129,"Default",5.896508e-05,0,"NC R3$ CC_INC, PL_SF (Day 30)",286
"859","CH4",3.249,44676,4527,12.70399,"Default",0.0004181727,-5.978499,"NC R1$ CC_SF, PL_SF (Day 30)",287
"860","CO2",6.658,247121169,16229547,50899.11159,"Default",0.0002061328,-40.67114,"NC R1$ CC_SF, PL_SF (Day 30)",287
"861","N2O",7.251,49548,3656,2.92158,"Default",5.896508e-05,0,"NC R1$ CC_SF, PL_SF (Day 30)",287
"862","CH4",3.246,46862,4609,13.61798,"Default",0.0004181727,-5.978499,"NC R2$ CC_SF, PL_SF (Day 30)",288
"863","CO2",6.656,260784496,17163351,53715.57164,"Default",0.0002061328,-40.67114,"NC R2$ CC_SF, PL_SF (Day 30)",288
"864","N2O",7.282,37052,4246,2.18479,"Default",5.896508e-05,0,"NC R2$ CC_SF, PL_SF (Day 30)",288
"865","CH4",3.246,52856,5263,16.12454,"Default",0.0004181727,-5.978499,"NC R3$ CC_SF, PL_SF (Day 30)",289
"866","CO2",6.654,293513439,19148560,60462.08095,"Default",0.0002061328,-40.67114,"NC R3$ CC_SF, PL_SF (Day 30)",289
"867","N2O",7.275,31614,2290,1.86412,"Default",5.896508e-05,0,"NC R3$ CC_SF, PL_SF (Day 30)",289
"868","CH4",3.242,46295,4778,13.38085,"Default",0.0004181727,-5.978499,"NC R1$ CC_INC, PL_INC (Day 30)",290
"869","CO2",6.658,269878429,17545737,55590.12973,"Default",0.0002061328,-40.67114,"NC R1$ CC_INC, PL_INC (Day 30)",290
"870","N2O",7.244,29016,4096,1.71091,"Default",5.896508e-05,0,"NC R1$ CC_INC, PL_INC (Day 30)",290
"871","CH4",3.246,54769,5104,16.92427,"Default",0.0004181727,-5.978499,"NC R2$ CC_INC, PL_INC (Day 30)",291
"872","CO2",6.658,267356117,17392020,55070.19842,"Default",0.0002061328,-40.67114,"NC R2$ CC_INC, PL_INC (Day 30)",291
"873","N2O",7.264,25819,2936,1.5224,"Default",5.896508e-05,0,"NC R2$ CC_INC, PL_INC (Day 30)",291
"874","CH4",3.248,43493,4251,12.20926,"Default",0.0004181727,-5.978499,"NC R3$ CC_INC, PL_INC (Day 30)",292
"875","CO2",6.662,244794442,15829804,50419.49683,"Default",0.0002061328,-40.67114,"NC R3$ CC_INC, PL_INC (Day 30)",292
"876","N2O",7.285,7253793,465185,427.72052,"Default",5.896508e-05,0,"NC R3$ CC_INC, PL_INC (Day 30)",292
"877","CH4",3.253,40465,4092,10.94284,"Default",0.0004181727,-5.978499,"NC R1$ Control (Day 30)",293
"878","CO2",6.725,11984537,688546,2429.73515,"Default",0.0002061328,-40.67114,"NC R1$ Control (Day 30)",293
"879","N2O",7.303,42863,4729,2.52744,"Default",5.896508e-05,0,"NC R1$ Control (Day 30)",293
"880","CH4",3.249,40989,4138,11.16198,"Default",0.0004181727,-5.978499,"NC R2$ Control (Day 30)",294
"881","CO2",6.723,17486165,1024694,3563.80138,"Default",0.0002061328,-40.67114,"NC R2$ Control (Day 30)",294
"882","N2O",7.279,42650,3796,2.51484,"Default",5.896508e-05,0,"NC R2$ Control (Day 30)",294
"883","CH4",3.251,44104,4382,12.46462,"Default",0.0004181727,-5.978499,"NC R3$ Control (Day 30)",295
"884","CO2",6.722,16936399,1001104,3450.47648,"Default",0.0002061328,-40.67114,"NC R3$ Control (Day 30)",295
"885","N2O",7.289,96904,6428,5.71397,"Default",5.896508e-05,0,"NC R3$ Control (Day 30)",295
"886","CH4",3.249,47997,4607,14.09249,"Default",0.0004181727,-5.978499,"GA R1$ CC_INC, PL_SF (Day 30)",296
"887","CO2",6.657,274237829,17962244,56488.74518,"Default",0.0002061328,-40.67114,"GA R1$ CC_INC, PL_SF (Day 30)",296
"888","N2O",7.258,24120,3397,1.42223,"Default",5.896508e-05,0,"GA R1$ CC_INC, PL_SF (Day 30)",296
"889","CH4",3.251,49374,4594,14.66852,"Default",0.0004181727,-5.978499,"GA R2$ CC_INC, PL_SF (Day 30)",297
"890","CO2",6.66,257973431,16802356,53136.11902,"Default",0.0002061328,-40.67114,"GA R2$ CC_INC, PL_SF (Day 30)",297
"891","N2O",7.287,25850,2238,1.52426,"Default",5.896508e-05,0,"GA R2$ CC_INC, PL_SF (Day 30)",297
"892","CH4",3.248,48131,4662,14.14853,"Default",0.0004181727,-5.978499,"GA R3$ CC_INC, PL_SF (Day 30)",298
"893","CO2",6.654,297313699,19469611,61245.43927,"Default",0.0002061328,-40.67114,"GA R3$ CC_INC, PL_SF (Day 30)",298
"894","N2O",7.256,20752,3065,1.22362,"Default",5.896508e-05,0,"GA R3$ CC_INC, PL_SF (Day 30)",298
"895","CH4",3.251,43999,4350,12.4206,"Default",0.0004181727,-5.978499,"GA R1$ CC_SF, PL_INC (Day 30)",299
"896","CO2",6.668,217258872,13969131,44743.51209,"Default",0.0002061328,-40.67114,"GA R1$ CC_SF, PL_INC (Day 30)",299
"897","N2O",7.292,22607,1725,1.33303,"Default",5.896508e-05,0,"GA R1$ CC_SF, PL_INC (Day 30)",299
"898","CH4",3.248,50838,4859,15.28054,"Default",0.0004181727,-5.978499,"GA R2$ CC_SF, PL_INC (Day 30)",300
"899","CO2",6.658,266656310,17414007,54925.94528,"Default",0.0002061328,-40.67114,"GA R2$ CC_SF, PL_INC (Day 30)",300
"900","N2O",7.247,24613,1782,1.4513,"Default",5.896508e-05,0,"GA R2$ CC_SF, PL_INC (Day 30)",300
"901","CH4",3.242,43010,4371,12.0072,"Default",0.0004181727,-5.978499,"GA R3$ CC_SF, PL_INC (Day 30)",301
"902","CO2",6.656,277959590,18126831,57255.92208,"Default",0.0002061328,-40.67114,"GA R3$ CC_SF, PL_INC (Day 30)",301
"903","N2O",7.249,24855,3084,1.46557,"Default",5.896508e-05,0,"GA R3$ CC_SF, PL_INC (Day 30)",301
"904","CH4",3.246,43555,4146,12.23504,"Default",0.0004181727,-5.978499,"GA R1$ CC_SF, PL_SF (Day 30)",302
"905","CO2",6.691,123092849,7698867,25332.80467,"Default",0.0002061328,-40.67114,"GA R1$ CC_SF, PL_SF (Day 30)",302
"906","N2O",7.278,818001,54477,48.2335,"Default",5.896508e-05,0,"GA R1$ CC_SF, PL_SF (Day 30)",302
"907","CH4",3.245,42081,4220,11.6185,"Default",0.0004181727,-5.978499,"GA R2$ CC_SF, PL_SF (Day 30)",303
"908","CO2",6.66,260726071,17040807,53703.52846,"Default",0.0002061328,-40.67114,"GA R2$ CC_SF, PL_SF (Day 30)",303
"909","N2O",7.258,21030,1848,1.24003,"Default",5.896508e-05,0,"GA R2$ CC_SF, PL_SF (Day 30)",303
"910","CH4",3.244,43651,4308,12.2752,"Default",0.0004181727,-5.978499,"GA R3$ CC_SF, PL_SF (Day 30)",304
"911","CO2",6.656,281033562,18315630,57889.56878,"Default",0.0002061328,-40.67114,"GA R3$ CC_SF, PL_SF (Day 30)",304
"912","N2O",7.258,22048,1610,1.30007,"Default",5.896508e-05,0,"GA R3$ CC_SF, PL_SF (Day 30)",304
"913","CH4",3.247,43539,4324,12.22839,"Default",0.0004181727,-5.978499,"GA R1$ CC_INC, PL_INC (Day 30)",305
"914","CO2",6.67,205126217,13249361,42242.57392,"Default",0.0002061328,-40.67114,"GA R1$ CC_INC, PL_INC (Day 30)",305
"915","N2O",7.275,1948683,127465,114.90428,"Default",5.896508e-05,0,"GA R1$ CC_INC, PL_INC (Day 30)",305
"916","CH4",3.246,45401,4481,13.00703,"Default",0.0004181727,-5.978499,"GA R2$ CC_INC, PL_INC (Day 30)",306
"917","CO2",6.675,185207671,11867658,38136.70792,"Default",0.0002061328,-40.67114,"GA R2$ CC_INC, PL_INC (Day 30)",306
"918","N2O",7.293,10089480,653195,594.92703,"Default",5.896508e-05,0,"GA R2$ CC_INC, PL_INC (Day 30)",306
"919","CH4",3.249,45246,4422,12.94208,"Default",0.0004181727,-5.978499,"GA R3$ CC_INC, PL_INC (Day 30)",307
"920","CO2",6.657,286497455,18674869,59015.8564,"Default",0.0002061328,-40.67114,"GA R3$ CC_INC, PL_INC (Day 30)",307
"921","N2O",7.257,48960,3646,2.88695,"Default",5.896508e-05,0,"GA R3$ CC_INC, PL_INC (Day 30)",307
"922","CH4",3.245,43329,4157,12.14041,"Default",0.0004181727,-5.978499,"GA R1$ Control (Day 30)",308
"923","CO2",6.723,15067218,872281,3065.17688,"Default",0.0002061328,-40.67114,"GA R1$ Control (Day 30)",308
"924","N2O",7.282,45960,4121,2.71003,"Default",5.896508e-05,0,"GA R1$ Control (Day 30)",308
"925","CH4",3.252,45697,4353,13.13087,"Default",0.0004181727,-5.978499,"GA R2$ Control (Day 30)",309
"926","CO2",6.725,17344551,1013571,3534.61007,"Default",0.0002061328,-40.67114,"GA R2$ Control (Day 30)",309
"927","N2O",7.277,40438,3605,2.38445,"Default",5.896508e-05,0,"GA R2$ Control (Day 30)",309
"928","CH4",3.249,48764,4314,14.41307,"Default",0.0004181727,-5.978499,"GA R3$ Control (Day 30)",310
"929","CO2",6.724,15313028,902484,3115.84643,"Default",0.0002061328,-40.67114,"GA R3$ Control (Day 30)",310
"930","N2O",7.293,38851,2931,2.29083,"Default",5.896508e-05,0,"GA R3$ Control (Day 30)",310
"931","CH4",3.247,45173,4122,12.91161,"Default",0.0004181727,-5.978499,"Blank Air 1",311
"932","CO2",6.725,5560184,325737,1105.46515,"Default",0.0002061328,-40.67114,"Blank Air 1",311
"933","N2O",7.284,27020,2046,1.59325,"Default",5.896508e-05,0,"Blank Air 1",311
"934","CH4",3.251,42313,4076,11.71561,"Default",0.0004181727,-5.978499,"Blank Air 2",312
"935","CO2",6.726,5926067,349797,1180.88582,"Default",0.0002061328,-40.67114,"Blank Air 2",312
"936","N2O",7.298,29946,1923,1.76579,"Default",5.896508e-05,0,"Blank Air 2",312
"937","CH4",3.253,47703,4049,13.9698,"Default",0.0004181727,-5.978499,"Blank water 1",313
"938","CO2",6.723,6316633,375875,1261.39423,"Default",0.0002061328,-40.67114,"Blank water 1",313
"939","N2O",7.29,28134,1832,1.65895,"Default",5.896508e-05,0,"Blank water 1",313
"940","CH4",3.254,41593,3942,11.41463,"Default",0.0004181727,-5.978499,"Blank water 2",314
"941","CO2",6.725,5454670,324135,1083.71538,"Default",0.0002061328,-40.67114,"Blank water 2",314
"942","N2O",7.295,26972,1804,1.59038,"Default",5.896508e-05,0,"Blank water 2",314
"943","CH4",3.256,44163,4155,12.4891,"Default",0.0004181727,-5.978499,"Blank water 3",315
"944","CO2",6.724,5626535,336785,1119.14228,"Default",0.0002061328,-40.67114,"Blank water 3",315
"945","N2O",7.28,27086,1798,1.59715,"Default",5.896508e-05,0,"Blank water 3",315
